# This file uses centimeters as units for non-parametric coordinates.

mtllib guanmucong.mtl
g default
v -16.857498 -74.534935 47.006042
v -29.776917 61.066833 38.673981
v -38.199677 52.933441 0.431728
v -11.783340 32.946335 -63.222374
v -2.844330 76.670166 -38.062721
v 29.086609 60.192657 -58.466446
v 68.340729 61.025436 -47.899300
v 75.171295 -76.165504 -32.743633
v 97.382111 13.748817 46.845669
v 61.673920 12.999908 66.936806
v -46.328735 0.142464 46.860546
v -33.321121 -43.825935 50.735027
v -52.449661 -54.318581 33.037094
v -55.870819 -21.098965 20.098156
v -45.106140 -49.194374 8.590782
v -24.024734 -50.612209 3.097039
v -23.807968 -62.113117 30.174614
v -11.320419 -55.807430 -42.919498
v -25.700012 -25.409267 -44.997234
v -24.908401 7.260498 -55.791477
v -8.217041 -30.054661 -66.841225
v 9.310852 -34.414982 -66.077232
v 13.628845 -63.602234 -41.636246
v 22.786316 32.690392 -74.210472
v 48.212830 -40.376427 -43.662064
v 49.135071 -22.832386 -58.394371
v 60.715729 29.786980 -66.596321
v 74.089905 -44.185623 -51.553761
v 81.282990 -0.903702 -66.323402
v 78.168945 35.904312 -58.665966
v 91.270935 -41.698280 -42.212063
v 107.676483 2.388641 -25.846380
v 89.766815 -73.682228 -18.247719
v 92.101288 -62.804756 7.886797
v 99.227478 30.744102 14.571041
v 67.301666 -63.701889 20.700645
v 108.834961 -26.870434 37.999664
v 86.326996 -58.135109 50.578506
v 64.775208 -27.246845 59.980659
v 57.327972 -53.139732 41.044193
v 31.629242 -18.847107 64.999542
v 33.055389 -51.239716 47.856598
v 29.110016 29.511444 72.570663
v 17.743805 -52.666344 56.036026
v -22.316803 -6.417297 61.287815
v 23.574951 -71.115341 -0.841343
v 62.663696 -66.362015 -9.605730
v -1.869720 -93.676147 18.333483
v 1.996063 -81.723587 36.626240
v 20.136841 -83.670326 27.064079
v 45.429596 -58.713425 24.731684
v 86.812439 52.222168 -39.780991
v 74.201294 74.839554 -21.583832
v -23.711807 55.536995 -46.765430
v -36.975311 42.134773 -35.333874
v 51.185516 79.203995 -5.763650
v -1.289185 83.700592 -3.126681
v 76.100891 74.901886 15.781236
v -28.013290 70.166321 22.362602
v -2.979004 74.603363 33.435555
v 55.944397 50.135765 55.184765
v 105.107208 23.083611 -44.287998
v 112.092407 3.700294 -31.015162
v 114.369354 -29.306255 -0.178766
v 108.695923 9.343513 13.126051
v 96.681702 54.194153 13.444650
v 97.842377 54.655983 -24.076653
v 112.186432 -9.568409 1.472521
v 105.038910 16.694832 30.761421
v 104.362823 4.592278 23.002869
v 112.755005 -12.240917 -16.773701
v 111.738861 -39.854355 -10.920548
v 98.460663 61.273575 -5.874544
v 113.260315 -26.890488 -19.582113
v 112.357666 -19.066624 -27.114326
v 108.979431 -14.447395 15.406090
v 107.517334 -7.552406 19.815655
v 100.117462 20.059601 -41.301731
v 109.627106 -33.703297 1.305699
v 103.325073 4.193123 12.412363
v 95.079346 44.480827 -25.346104
v 106.617737 -14.284302 2.032614
v 107.017761 -18.144440 -17.127466
v 106.198547 -0.395996 -34.781418
v 92.808472 50.664917 9.913719
v 100.194916 11.265854 31.849449
v -24.472702 49.682556 -55.476086
v -18.273926 31.441116 -71.056625
v 3.139435 -2.815102 -91.847786
v 25.500153 31.400513 -83.046646
v 3.711243 76.018387 -49.399246
v 9.592560 15.384758 -86.198982
v 44.218994 35.506889 -84.446922
v 35.162811 24.631584 -83.744911
v -8.231750 14.718613 -80.572479
v -8.025787 -12.723373 -87.787956
v 36.613007 75.002716 -59.827061
v 13.053131 64.129044 -63.744537
v -14.052917 1.003914 -83.113197
v -19.245911 9.001816 -77.772919
v 22.632935 8.462212 -89.459869
v 28.629059 14.227554 -88.196388
v -20.373520 45.261314 -52.886585
v 5.425995 -8.532135 -89.132637
v 25.980255 24.994919 -79.123703
v 4.488647 67.808487 -48.622562
v 11.337769 9.191856 -82.495590
v -7.566833 7.373283 -76.682121
v -20.481094 26.223663 -65.374802
v 37.952484 64.217743 -59.469711
v 45.974426 28.937233 -81.658348
v -26.997070 83.580780 3.831530
v -33.645187 75.472687 -15.087026
v -33.582031 52.924263 -49.978436
v -3.834045 75.027008 -50.182205
v 25.068817 95.831055 -35.086586
v 3.910889 99.168381 -3.587699
v -21.732269 65.149948 -46.123566
v 11.758789 75.893600 -61.254726
v 2.662628 67.451324 -57.734226
v -33.699570 64.294281 -31.252354
v -43.068756 48.672951 -43.031605
v 18.429901 101.676147 -20.044397
v 1.860504 95.387863 -22.275723
v -42.687057 54.161156 -32.158974
v -42.541840 59.181625 -23.531082
v -14.774841 61.864487 -57.870007
v -7.182541 61.756683 -59.084755
v -23.306946 77.172531 2.999878
v -31.560944 45.512985 -50.187332
v -2.668152 66.755539 -48.450775
v 0.088470 89.251907 -3.106314
v -19.737320 56.910072 -45.299847
v -32.817062 55.059044 -29.722580
v -42.010880 40.993813 -41.506664
v -33.670639 67.678009 -10.050321
v 24.674377 90.457886 -31.102604
v 13.338104 68.106125 -61.454464
v -13.406250 55.042282 -57.252640
v 23.255859 83.280350 48.693081
v 4.477356 78.258759 51.465374
v -28.624481 60.817963 45.146484
v -22.873947 79.012878 18.323088
v 22.423431 96.009689 19.741148
v -22.476562 70.810837 35.218578
v -30.598328 79.741638 1.901722
v -29.211212 72.207840 10.766757
v -10.777802 69.526154 48.615734
v -24.004227 57.019447 54.918201
v 0.748291 97.622604 -4.262882
v 4.734161 94.674240 18.359894
v -13.622040 61.034531 56.511051
v -5.454254 64.834229 57.863529
v -32.411179 68.340775 26.724731
v -32.299469 67.786774 19.537146
v 22.938416 77.072983 44.995445
v -28.773773 53.821800 43.129929
v -21.349564 71.139175 17.418444
v 21.933990 86.895172 23.093122
v -21.653122 62.972183 33.389050
v -9.498306 60.779190 47.873001
v -22.711243 49.688736 54.073769
v 8.689423 70.440308 52.150936
v 0.349274 89.764542 -4.288757
v -30.902466 72.380814 0.213599
v -31.884644 61.873154 25.449055
v 64.844086 -1.035881 -79.975311
v 74.908905 -23.497723 -76.694633
v 92.302155 -64.073662 -59.944332
v 102.961151 -24.893379 -42.728050
v 102.293579 25.593964 -29.999737
v 87.784424 38.375328 -47.839745
v 94.745209 -43.282578 -55.129398
v 113.447784 -19.736019 -27.386141
v 106.051331 -29.838783 -33.615112
v 82.590210 -42.783600 -68.567184
v 82.186188 -71.713135 -66.811134
v 79.054169 -57.396839 -72.430786
v 72.467682 24.888031 -65.764900
v 74.583557 -47.612183 -76.270157
v 101.255219 -49.673004 -43.948822
v 104.157440 -44.181572 -39.088684
v 62.962433 0.076942 -74.454674
v 89.724335 -66.926735 -56.159668
v 98.327393 -27.783985 -40.016598
v 74.119934 23.712479 -57.146488
v 90.958771 -45.906998 -51.390705
v 77.970490 -46.438370 -65.477768
v 67.520172 -22.533546 -75.694611
v 97.562164 21.540741 -29.358450
v 110.243225 -23.251537 -23.968357
v 2.661407 6.402519 -75.296059
v 12.088318 -19.882900 -84.361549
v 38.346619 -59.166134 -86.039993
v 56.240021 -19.264278 -79.084694
v 62.258942 31.455376 -66.871086
v 38.577820 43.442810 -69.380043
v 42.498627 -38.264587 -83.280388
v 74.203430 -13.295135 -74.871056
v 65.040833 -23.983521 -74.776825
v 24.297516 -38.653381 -84.618431
v 26.623718 -67.512276 -84.363541
v 3.893250 -8.259285 -81.122215
v 19.747620 -53.475117 -85.623657
v 15.563507 28.729088 -72.550278
v 13.349365 -44.037834 -84.872833
v 55.285126 -44.158863 -79.927017
v 60.516052 -38.479332 -78.137878
v 39.263336 -62.206818 -81.625107
v 54.948547 -22.525558 -74.017479
v 22.940796 27.678360 -67.516975
v 42.509155 -41.186325 -78.040688
v 23.298004 -42.668785 -79.321297
v 7.372620 -19.502098 -78.476837
v 59.610626 26.968407 -63.347118
v 74.453705 -17.058712 -70.313934
v -49.314957 5.161507 -26.639732
v -44.130020 -20.034706 -40.029137
v -22.490891 -51.968937 -63.183247
v -15.456528 -11.687855 -71.410622
v -12.630096 36.247185 -66.022690
v -36.512756 35.724297 -38.843208
v -22.502548 -31.874920 -64.019112
v -3.278992 -2.800491 -82.445457
v -5.973511 -14.707920 -75.954529
v -33.644943 -35.480042 -50.610233
v -25.788589 -61.964947 -53.354549
v -48.399841 -10.715996 -31.176947
v -24.056915 41.078781 -52.577206
v -30.385468 21.461823 -53.566315
v -33.727875 -50.094936 -48.210293
v -38.763077 -42.476028 -42.320137
v -11.309647 -35.202614 -72.236511
v -8.057327 -29.183819 -74.998238
v -44.593185 -0.550888 -25.968073
v -17.741867 -54.864258 -61.460472
v -11.399155 -15.251297 -67.720734
v -9.631912 30.007935 -63.451916
v -34.243423 26.300514 -36.162457
v -17.635559 -34.909576 -61.153347
v -29.074921 -39.719318 -46.930557
v -41.896332 -22.427235 -33.675812
v 1.446045 -6.635128 -80.246651
v 42.491211 89.692886 -34.327065
v 62.080383 86.594910 -23.467190
v 83.813232 71.973526 5.718952
v 57.103973 86.332504 22.196383
v 22.863678 96.719559 25.653713
v 22.607025 98.374588 -12.551993
v 70.573730 80.151611 8.926618
v 50.321198 85.731369 40.197056
v 56.840973 78.929550 32.379276
v 72.229584 79.089935 -10.052186
v 88.238007 68.718948 -5.263412
v 54.167725 86.803711 -32.189857
v 19.411072 100.904007 9.282881
v 34.877838 99.085648 1.943403
v 80.700317 74.727783 -12.899891
v 75.728027 78.750381 -19.793612
v 71.775452 77.737366 22.663139
v 66.470673 79.787888 27.920431
v 43.606689 81.853012 -32.804379
v 83.212006 64.298386 7.064146
v 56.170563 77.619461 21.440916
v 24.388489 89.045593 24.850512
v 20.256836 92.596542 1.699233
v 69.481079 71.455048 9.376287
v 71.742706 69.526627 -10.821021
v 87.500641 60.649506 -5.908906
v 59.114594 78.284164 -27.999546
v 80.363129 67.718399 -15.426797
v 30.834412 87.640198 -20.500792
v 75.357422 71.409592 -22.188299
v 50.117645 77.785294 41.399700
v 68.549194 71.691254 26.492388
v 67.561432 81.600327 39.056522
v 58.985016 73.663147 56.825371
v 34.629486 51.616730 81.221039
v 13.783936 73.680511 61.048084
v 3.890533 95.058640 30.536097
v 41.260101 97.502518 23.144526
v 29.151276 63.665344 70.385323
v -5.196960 74.909073 58.127075
v 3.866943 66.277161 61.925106
v 47.809692 62.646011 68.104881
v 46.036591 47.384872 82.847435
v 19.301819 100.671768 24.578972
v 29.383575 93.879562 37.577641
v 52.092133 55.845024 75.007431
v 59.257751 57.569771 68.768738
v 16.003174 60.589218 73.922546
v 9.874176 60.530640 69.594475
v 64.458008 75.055176 37.125134
v 33.139709 44.245415 79.906387
v 14.364197 65.339981 59.032803
v 44.540161 87.134521 25.596613
v 28.463440 55.401382 68.359467
v 48.311646 53.392517 66.295036
v 46.396057 39.751877 80.954201
v 62.478455 65.690735 53.309158
v 7.138794 89.589554 28.174919
v 54.347351 49.155746 73.303253
v -6.373978 67.129227 57.225304
v 15.578186 53.766968 72.516876
v 102.767639 45.312981 15.450197
v 106.310028 27.493851 31.710381
v 100.366913 -6.187603 60.882385
v 77.631561 27.579521 66.121307
v 76.974457 71.617569 26.184755
v 92.132690 11.727951 59.706062
v 63.039825 31.846001 78.098038
v 70.101959 20.884613 72.218964
v 103.397675 11.076508 45.080692
v 107.147003 -15.945553 51.305195
v 56.164154 71.224243 53.737289
v 77.356567 59.888397 43.215771
v 109.468140 -2.405144 44.033558
v 110.713074 5.458534 36.723454
v 83.313629 4.888931 69.796043
v 77.792725 10.583076 72.154465
v 98.026215 40.716789 15.506417
v 97.003693 -11.855488 59.860996
v 75.149902 21.138100 63.015419
v 78.424561 60.836700 24.427431
v 88.685364 5.561958 57.509155
v 100.667572 3.809959 42.135601
v 104.788025 22.310112 25.548197
v 55.197357 62.822159 52.311069
v 60.113861 25.214027 76.742928
v 37.620117 63.812408 -66.951042
v 55.210510 50.283302 -72.055801
v 86.990753 21.428337 -69.015343
v 89.553741 49.961815 -42.590237
v 46.551758 85.308975 -38.147930
v 84.479614 36.793709 -58.894104
v 100.888367 52.771927 -27.509775
v 96.176117 42.633919 -35.585617
v 69.916931 36.036125 -70.571625
v 78.144806 11.408371 -77.033112
v 73.729736 84.688828 -17.119843
v 64.317963 77.049774 -39.448853
v 69.830414 23.980080 -78.126907
v 61.917084 30.575119 -78.698051
v 95.091278 29.833214 -50.553883
v 97.624908 37.855972 -45.224888
v 38.120880 58.119461 -62.716644
v 86.513367 14.737480 -66.232132
v 87.117828 42.379974 -40.711491
v 45.591705 74.701614 -40.910381
v 82.921722 29.376175 -56.080116
v 67.675507 27.537430 -68.661110
v 49.860077 43.390129 -71.379318
v 73.128815 75.806503 -16.769135
v 100.187500 45.281342 -25.198746
v 96.141113 31.772385 -43.512577
v -43.850800 -6.543415 50.328869
v -60.012909 -33.606396 -9.379193
v -60.864304 -39.545124 -5.085320
v -57.560104 -47.116379 35.329292
v -59.613480 -54.569229 27.691645
v -52.232544 16.599564 21.307659
v -44.830490 35.403625 17.128004
v -51.525085 -15.803963 49.780888
v -59.751572 -66.563889 18.391016
v -59.470749 -39.859146 25.972654
v -57.501556 -19.345127 -11.641449
v -59.034851 -7.170300 -18.013428
v -61.670273 -36.020706 8.728048
v -43.475143 29.916039 35.580391
v -47.951920 30.853310 -0.314721
v -59.957077 -15.935150 -1.540060
v -63.616394 -56.027550 9.366220
v -56.501358 -24.599495 40.763893
v -46.716187 -0.398743 53.396503
v 77.353088 21.896339 68.440285
v 68.038025 0.790421 79.843002
v 42.738220 -36.582958 91.847786
v 23.633453 0.916176 84.284142
v 14.989624 47.456627 67.570023
v 38.890839 57.444298 62.232883
v 38.114105 -16.846321 87.617294
v 4.780060 6.271980 83.313637
v 13.984314 -4.948875 82.556274
v 56.293091 -17.252148 85.055473
v 54.031372 -45.691330 88.693184
v 40.180023 37.626053 72.246780
v 60.991028 -31.635178 86.843124
v 62.097351 44.424843 62.936954
v 67.151489 -22.761238 83.591682
v 24.772736 -23.437870 87.757378
v 19.215424 -18.492466 86.450928
v 73.947449 19.168716 64.450317
v 41.034393 -41.020172 88.111290
v 24.061127 -4.100952 79.545937
v 54.568024 41.957962 59.819038
v 37.188202 -21.502426 82.899696
v 56.350708 -22.991009 80.178673
v 71.261780 -2.459381 73.724434
v 17.185364 41.914307 64.240608
v 3.655457 0.769333 79.437538
v -15.651611 -19.174812 78.354996
v -45.077927 -52.047935 65.420029
v -51.556900 -11.826992 52.939766
v -43.896759 35.882126 41.989021
v -22.943405 43.631355 55.936222
v -44.324875 -31.752701 62.127228
v -64.329041 -3.590103 41.001827
v -57.962601 -15.797626 44.581226
v -29.167816 -35.105030 71.832283
v -35.322357 -62.682785 68.885857
v -5.326599 -10.172314 79.883720
v -27.852325 -50.028809 74.058456
v 1.222961 11.764091 77.018578
v -20.477005 -42.245483 76.909355
v -54.792526 -35.904732 52.732761
v -57.700623 -30.103577 48.919899
v -0.059967 -1.320999 73.623566
v -44.309006 -55.855042 60.802654
v -48.607529 -16.492516 48.749798
v -10.336426 24.876656 61.077782
v -42.372238 -35.842121 57.184895
v -26.476303 -40.437492 67.239258
v -9.645874 -22.631962 75.257271
v -40.787643 29.852455 39.722637
v -63.073471 -8.340191 36.547153
v -52.490952 40.703537 19.549721
v -62.035187 22.519501 5.628949
v -67.453537 -11.519211 -23.893967
v -48.380905 22.565514 -37.761135
v -32.421356 67.676956 -0.617898
v -59.446945 6.515678 -26.072922
v -39.225128 26.903641 -54.474926
v -43.588257 15.752625 -46.319794
v -64.378967 5.855507 -8.025324
v -70.048523 -21.342896 -12.327701
v -23.371506 66.937607 -34.629925
v -39.383392 55.583702 -16.500252
v -69.521164 -7.734680 -4.667485
v -67.934235 0.202194 2.647889
v -54.983643 -0.394463 -38.857956
v -50.737976 5.351402 -43.219597
v -48.146164 36.042480 17.686069
v -63.893509 -17.246578 -24.243820
v -44.854080 16.012566 -35.872238
v -33.219604 57.081818 1.574212
v -55.359207 0.247459 -25.376949
v -60.675369 -1.525345 -6.335783
v -58.407837 17.165314 10.705078
v -21.880112 58.138199 -33.771721
v -35.926102 20.140961 -54.369770
v 27.093536 45.013344 74.966713
v 11.552612 26.884598 81.816193
v -18.615616 -7.225967 81.603844
v -28.441040 26.992027 60.188297
v 11.411530 71.698303 51.435261
v -19.141739 10.885193 73.322968
v -43.155014 31.362686 47.951702
v -35.983017 20.170113 53.869469
v -2.344879 10.226845 81.601730
v -7.751282 -17.067295 86.378723
v -20.209808 71.286179 36.199303
v -5.581970 59.854324 55.290516
v -0.089600 -3.412514 87.309937
v 7.424896 4.556641 87.130615
v -30.899063 3.945107 66.506271
v -34.357254 9.723053 61.490852
v 26.143463 40.355911 70.361259
v -18.264801 -12.966991 78.067932
v -25.900330 20.456299 57.150154
v 13.417023 61.214615 52.591972
v -17.657547 4.615471 69.493477
v 0.051025 2.849998 78.332359
v 17.266296 21.555405 79.244576
v -19.061127 62.606918 34.907932
v -42.431168 24.576180 44.766491
v 46.827423 81.079178 52.245121
v 43.068512 78.228302 45.539803
v 25.825134 90.677673 44.437355
v 43.279968 77.064758 63.107376
v 19.700500 86.203186 58.743088
v 30.846222 84.131424 39.804203
v 18.321655 83.364243 43.118019
v 8.926086 81.683334 55.047195
v 10.523132 78.216690 51.650101
v 8.724304 72.856781 56.515556
v 16.336731 64.497299 66.682022
v 12.565002 73.715164 65.112396
v 25.163757 62.588882 69.460449
v 30.418671 72.141083 72.780830
v 38.940186 64.338455 66.160088
v 45.282013 70.677704 64.382324
v 46.449982 68.788589 59.557705
v 47.351776 67.668808 57.207710
v -9.788422 84.461517 39.584846
v -6.148788 81.786530 34.536533
v -19.083206 88.244446 18.571068
v -19.758896 78.499893 42.101128
v -8.494583 85.459442 20.988649
v -17.111710 80.884476 11.630785
v -31.631332 72.838593 9.618109
v -32.810699 76.900955 19.192928
v -35.358292 64.241882 18.688370
v -33.459122 65.636719 37.080475
v -30.812393 57.058060 23.820990
v -29.585312 56.016922 31.589979
v -20.001938 61.997147 42.668324
v -17.829010 70.863617 46.587379
v -12.173706 70.279678 45.200653
v -9.886612 69.844727 44.753639
v -30.489380 61.397858 16.141003
v -28.840149 65.544342 10.080189
v -26.195328 71.823578 9.671348
v 111.871674 16.903358 -19.014280
v 108.896729 29.151360 3.934169
v 104.183197 17.997330 -15.660429
v 118.549438 5.866745 -14.784014
v 117.348145 17.983467 10.478103
v 101.679108 25.822906 -2.123141
v 102.749023 22.624084 11.274159
v 110.769714 14.247894 21.878773
v 105.840027 12.820038 20.398701
v 106.742401 3.154587 21.027124
v 116.702637 -3.535034 15.617925
v 122.048553 -3.140511 5.571800
v 119.464935 -7.783054 -5.567360
v 113.500549 -12.333076 4.293644
v 113.564911 -8.175564 -11.118037
v 116.085754 -1.537758 -17.393583
v 111.271210 -0.719063 -18.419853
v 108.007416 1.607750 -20.472549
v -1.830994 54.003136 -66.158066
v 3.816101 54.025864 -59.566998
v 22.354919 64.954391 -67.637703
v 18.441132 61.020203 -59.528316
v -0.567017 43.758354 -75.637367
v 25.284790 54.911484 -79.511414
v 28.782745 33.173965 -84.099892
v 37.625763 38.413536 -75.019035
v 37.894135 49.980400 -77.059349
v 17.516510 34.664856 -86.270050
v 7.004944 29.932976 -81.451912
v 17.848114 24.178551 -79.430412
v 3.244720 28.851608 -74.388206
v -3.037994 36.039268 -73.823807
v -2.561188 36.039619 -68.907722
v -3.591888 37.583672 -65.034187
v 37.940399 48.006714 -72.161903
v 30.773773 57.549667 -64.902512
v -29.325180 82.726212 -19.592922
v -21.910400 79.940338 -16.369188
v -7.370483 91.726730 -29.371649
v -34.089767 77.034500 -30.276495
v -11.865494 86.248688 -43.081505
v -8.249619 85.709229 -21.348186
v -0.704590 83.436829 -32.720638
v -1.292389 79.578049 -48.500069
v -0.510712 76.259247 -44.336182
v -2.285706 69.155319 -49.217407
v -14.440018 68.558487 -53.707802
v -24.933105 71.236450 -50.085320
v -33.067276 65.827164 -42.033421
v -23.180344 58.941513 -47.574062
v -33.423080 62.510208 -33.692837
v -36.995438 69.976807 -28.866196
v -34.524033 68.617065 -23.950556
v -33.544525 68.004028 -21.010742
v 82.556335 -1.864700 -61.177231
v 77.336517 -12.506420 -70.208206
v 72.255371 -5.269485 -61.629528
v 91.586517 -0.349213 -51.920200
v 81.216888 -1.041611 -51.211559
v 98.805206 -14.190811 -53.826923
v 97.453613 -37.412361 -44.451290
v 101.681854 -17.562668 -38.153370
v 95.136627 -38.265205 -55.491066
v 82.737030 -30.412865 -70.800713
v 76.148926 -36.050514 -69.493233
v 66.757324 -26.627365 -69.679466
v 67.233337 -30.751682 -67.693367
v 85.457672 -42.250961 -61.114182
v 76.406281 -41.053719 -61.603111
v 84.575043 -44.785351 -51.332092
v 90.934937 -40.204456 -40.903988
v 70.062714 -33.733871 -67.518166
v 67.960999 -15.489792 -68.164833
v 96.339966 -17.505150 -35.510803
v 90.450256 -6.134838 -41.249866
v 95.488770 -28.812943 -34.091167
v 31.298676 -1.891632 -82.229111
v 23.768433 -14.204010 -85.741791
v 24.173737 -6.998890 -75.771332
v 43.624786 2.177437 -81.305161
v 36.648926 -0.168266 -73.872475
v 50.481171 -10.359661 -87.848923
v 60.341492 -32.189316 -80.485748
v 63.508362 -11.362885 -78.140701
v 51.610138 -34.695580 -87.206978
v 30.960602 -30.861710 -90.203323
v 28.150543 -37.310413 -84.974754
v 19.270203 -29.685947 -78.635612
v 21.745667 -33.390930 -77.568802
v 41.676178 -40.858253 -85.059090
v 34.505249 -41.245495 -79.369286
v 47.947205 -42.346893 -77.221924
v 58.467682 -35.586906 -73.560684
v 24.529663 -35.820049 -79.392235
v 18.871948 -18.445549 -78.036781
v 61.316803 -11.900063 -72.615524
v 50.946625 -2.446518 -72.714027
v 63.940063 -22.914383 -71.248619
v -34.373825 16.656487 -63.863922
v -34.385117 13.565369 -54.822319
v -40.171722 3.300232 -58.700024
v -22.393387 25.504211 -69.473198
v -23.635864 22.995972 -59.978706
v -36.688965 -2.306541 -69.313988
v -17.753067 13.712006 -79.250061
v -8.338257 -7.064220 -78.767982
v -0.352234 2.691055 -73.474037
v -4.267944 13.538300 -78.351891
v -19.323624 -8.969646 -78.953911
v -26.690781 -14.452034 -71.182671
v -15.214066 -16.385845 -69.561485
v -28.953186 -14.504749 -63.208179
v -36.798553 -8.442989 -58.090733
v -37.665375 -5.075218 -55.140106
v -2.875702 13.329414 -73.098259
v -12.074127 21.861610 -66.937286
v 58.514771 88.781265 -7.070565
v 52.736542 85.267395 -4.565108
v 48.547424 97.393082 14.220423
v 70.083038 86.365829 -0.268781
v 43.290466 90.279251 6.416863
v 43.899506 89.705200 20.758242
v 55.225464 87.895233 34.203403
v 61.869629 92.086212 26.339680
v 66.775421 81.087875 32.531445
v 79.066559 79.530396 17.639858
v 68.936493 72.155350 28.570873
v 74.856537 70.122726 21.737646
v 73.531250 71.605179 4.514933
v 72.489807 78.980392 -4.836482
v 67.993439 76.639618 -5.647743
v 66.567047 75.344299 -6.116062
v 61.721893 76.558685 32.652313
v 54.191467 80.069000 34.706509
v 51.264954 84.778687 31.093920
v 90.345184 47.099792 45.806080
v 82.412262 45.293724 43.248920
v 69.744080 48.022530 62.202435
v 69.388397 46.251572 52.520233
v 97.308044 36.739052 51.339252
v 76.781921 36.961952 70.529633
v 82.397980 15.526566 69.957977
v 69.268219 17.486557 68.258766
v 67.050079 27.718353 73.486763
v 91.841248 21.002502 66.525009
v 98.392212 20.922379 56.083839
v 90.442535 11.695290 58.202106
v 97.569183 21.738983 48.092609
v 100.188538 30.771820 46.498043
v 97.026825 31.133484 42.647179
v 94.980225 33.314453 39.408092
v 64.846313 26.133972 68.928856
v 63.791595 38.057266 62.110382
v 61.471100 55.947723 -64.284119
v 58.964325 56.164894 -56.073433
v 74.248871 69.906265 -46.343452
v 71.085541 47.146324 -67.564804
v 86.773987 61.339523 -49.615959
v 65.853790 65.023849 -44.770737
v 77.429199 63.567108 -37.323994
v 92.249451 57.805397 -37.551552
v 88.404633 55.529655 -34.776669
v 91.578430 47.075989 -35.619972
v 95.118713 41.652504 -47.216885
v 90.778442 41.575005 -57.851357
v 81.679718 35.154617 -63.511848
v 86.882935 30.877853 -52.683651
v 73.660370 33.084358 -62.522888
v 68.980316 39.467453 -68.012772
v 64.859833 39.537071 -64.927383
v 61.238190 40.190887 -63.704079
v -49.673462 30.566719 38.693851
v -41.913254 27.359612 39.676113
v -42.363968 16.542061 39.851753
v -50.969559 41.969994 30.759960
v -43.092896 38.579109 32.988434
v -54.804901 11.358849 33.398556
v -58.855911 34.536041 21.329111
v -57.033875 20.619820 7.987386
v -54.268829 38.346504 10.451424
v -59.391510 11.813942 18.273502
v -51.977188 9.784889 12.717509
v -49.663254 7.137611 25.296492
v -46.734879 9.810760 34.327202
v -44.053467 11.800003 36.681789
v -51.165665 16.944618 7.202053
v -49.564743 37.553703 11.401439
v -46.093750 41.746643 22.129446
v -49.687057 31.204102 5.912852
v 46.826935 17.903831 83.037910
v 50.114227 13.970055 75.032928
v 52.034180 3.524132 81.351822
v 35.209961 28.705750 82.567909
v 39.865875 25.135056 74.677185
v 43.595184 -0.466080 89.549141
v 25.132385 18.686928 89.699013
v 13.673004 -0.504837 85.848671
v 10.371307 9.578392 77.259544
v 13.467651 20.169884 83.000473
v 23.061157 -3.791389 90.869362
v 31.979523 -10.897308 87.291641
v 22.181213 -11.477451 80.901871
v 37.324158 -12.043983 81.108673
v 47.441528 -7.608997 79.718857
v 49.965546 -4.703773 77.336319
v 14.333862 19.666542 77.654106
v 26.481995 26.198349 75.894478
v -35.001694 -2.515205 69.417122
v -28.001343 -7.371651 65.189499
v -30.244934 -16.430710 72.725342
v -43.602921 7.449661 60.948521
v -35.602570 2.938347 57.546597
v -41.629700 -19.463985 74.887505
v -55.742996 -1.575974 61.935467
v -62.897278 -20.916759 54.297932
v -60.865967 -1.469200 49.466282
v -55.559128 -26.855370 66.695717
v -52.753113 -32.163357 57.390099
v -41.997772 -31.910721 65.593407
v -33.149017 -27.530327 69.915039
v -29.723495 -25.010292 69.173279
v -58.995331 -24.710297 49.163002
v -56.704163 -2.989471 46.261196
v -46.602829 3.685638 50.496918
v -60.492874 -12.085335 43.935783
v -59.164658 25.449829 -1.672953
v -50.879440 26.663017 -3.047746
v -50.745468 41.789566 -20.352055
v -45.126495 36.855606 -13.786697
v -65.123459 15.991875 -9.436503
v -57.946259 32.802345 -30.717077
v -56.949905 12.770363 -40.089703
v -45.808472 19.748016 -41.765923
v -49.158005 30.985466 -40.987747
v -64.366043 11.519638 -31.526093
v -64.476486 4.547211 -21.311749
v -56.674988 1.623718 -30.456600
v -59.965775 2.631966 -14.868867
v -63.561493 8.056503 -7.990634
v -59.060867 8.245239 -5.898988
v -56.318390 9.702881 -2.802604
v -44.732437 28.975700 -38.854557
v -43.355743 36.483429 -27.457788
v 0.075195 34.792671 75.743706
v 1.300476 36.056198 67.393021
v -15.370270 50.661652 61.443501
v -7.285370 46.003532 58.238773
v -8.987305 25.055191 79.146805
v -27.290680 41.321198 65.261917
v -35.508698 20.953484 61.730595
v -33.773682 27.988312 50.417095
v -34.300797 39.220581 53.645283
v -29.659653 19.945595 71.511826
v -19.882034 13.225212 74.967125
v -26.063599 10.029396 64.734825
v -12.306656 11.479919 72.762070
v -6.962112 17.129707 78.277519
v -3.497253 17.500893 74.707314
v 0.345612 19.298843 73.001869
v -30.889923 37.316872 50.071533
v -19.704880 45.210915 52.214939
v -59.590363 -59.478577 6.960893
v -55.007523 -20.170650 -2.121646
v -44.872574 24.161720 -0.830881
v -41.200348 20.120361 35.698112
v -56.734665 -39.726639 6.991632
v -54.279083 -44.809216 25.003237
v -50.617462 -27.760410 43.306889
v -54.790909 -11.595047 -20.081266
vt 0.530438 0.840286
vt 0.530438 0.840286
vt 0.530438 0.840286
vt 0.530438 0.840286
vt 0.530438 0.840286
vt 0.530438 0.840286
vt 0.530438 0.840286
vt 0.530438 0.840286
vt 0.530438 0.840286
vt 0.530438 0.840286
vt 0.530438 0.840287
vt 0.530438 0.840286
vt 0.530438 0.840286
vt 0.530438 0.840286
vt 0.530438 0.840286
vt 0.530438 0.840286
vt 0.530438 0.840286
vt 0.530438 0.840286
vt 0.530438 0.840286
vt 0.530438 0.840286
vt 0.530438 0.840286
vt 0.530439 0.840286
vt 0.530438 0.840286
vt 0.530438 0.840287
vt 0.530438 0.840286
vt 0.530438 0.840286
vt 0.530438 0.840286
vt 0.530438 0.840286
vt 0.530438 0.840286
vt 0.530438 0.840286
vt 0.530438 0.840286
vt 0.530438 0.840286
vt 0.530438 0.840286
vt 0.530438 0.840286
vt 0.530438 0.840286
vt 0.530438 0.840286
vt 0.530438 0.840286
vt 0.530438 0.840286
vt 0.530438 0.840287
vt 0.530438 0.840286
vt 0.530438 0.840286
vt 0.530438 0.840287
vt 0.530438 0.840286
vt 0.530438 0.840287
vt 0.530438 0.840286
vt 0.530438 0.840286
vt 0.530438 0.840286
vt 0.530438 0.840286
vt 0.530438 0.840286
vt 0.530438 0.840286
vt 0.530438 0.840286
vt 0.530438 0.840286
vt 0.530438 0.840286
vt 0.530438 0.840286
vt 0.530438 0.840287
vt 0.530438 0.840286
vt 0.530438 0.840286
vt 0.530438 0.840286
vt 0.530438 0.840286
vt 0.530438 0.840287
vt 0.530438 0.840286
vt 0.532710 0.840683
vt 0.532710 0.840683
vt 0.532710 0.840683
vt 0.532710 0.840683
vt 0.532710 0.840683
vt 0.532710 0.840683
vt 0.532710 0.840683
vt 0.532710 0.840683
vt 0.532710 0.840683
vt 0.569869 0.860718
vt 0.569869 0.860718
vt 0.569869 0.860718
vt 0.569869 0.860718
vt 0.569869 0.860718
vt 0.569869 0.860718
vt 0.569869 0.860718
vt 0.569869 0.860718
vt 0.569869 0.860718
vt 0.555008 0.841409
vt 0.555008 0.841409
vt 0.555008 0.841409
vt 0.555008 0.841409
vt 0.555008 0.841409
vt 0.555008 0.841409
vt 0.555008 0.841409
vt 0.555008 0.841409
vt 0.555008 0.841409
vt 0.510679 0.860146
vt 0.510679 0.860146
vt 0.510679 0.860146
vt 0.510679 0.860146
vt 0.510679 0.860146
vt 0.510679 0.860146
vt 0.510679 0.860146
vt 0.510679 0.860146
vt 0.510679 0.860146
vt 0.555008 0.841409
vt 0.510679 0.860146
vt 0.510679 0.860146
vt 0.510679 0.860146
vt 0.508133 0.840433
vt 0.508133 0.840433
vt 0.508133 0.840433
vt 0.508133 0.840433
vt 0.508133 0.840433
vt 0.508133 0.840433
vt 0.508133 0.840433
vt 0.508133 0.840433
vt 0.508133 0.840433
vt 0.508133 0.840433
vt 0.508133 0.840433
vt 0.508133 0.840433
vt 0.508133 0.840433
vt 0.508133 0.840433
vt 0.508133 0.840433
vt 0.508133 0.840433
vt 0.508133 0.840433
vt 0.508133 0.840433
vt 0.508133 0.840433
vt 0.551265 0.840683
vt 0.551265 0.840683
vt 0.551265 0.840683
vt 0.551265 0.840683
vt 0.551265 0.840683
vt 0.551265 0.840683
vt 0.551265 0.840683
vt 0.551265 0.840683
vt 0.551265 0.840683
vt 0.551265 0.840683
vt 0.551265 0.840683
vt 0.551265 0.840683
vt 0.551265 0.840683
vt 0.551265 0.840683
vt 0.551265 0.840683
vt 0.551265 0.840683
vt 0.551265 0.840683
vt 0.551265 0.840683
vt 0.551265 0.840683
vt 0.548305 0.863529
vt 0.548305 0.863529
vt 0.548305 0.863529
vt 0.548305 0.863529
vt 0.548305 0.863529
vt 0.548305 0.863529
vt 0.548305 0.863529
vt 0.548305 0.863529
vt 0.548305 0.863529
vt 0.548305 0.863529
vt 0.548305 0.863529
vt 0.548305 0.863529
vt 0.548305 0.863529
vt 0.548305 0.863529
vt 0.548305 0.863529
vt 0.508133 0.840433
vt 0.508133 0.840433
vt 0.508133 0.840433
vt 0.508133 0.840433
vt 0.508133 0.840433
vt 0.508133 0.840433
vt 0.508133 0.840433
vt 0.508133 0.840433
vt 0.508133 0.840433
vt 0.508133 0.840433
vt 0.508133 0.840433
vt 0.508133 0.840433
vt 0.508133 0.840433
vt 0.508133 0.840433
vt 0.510679 0.860146
vt 0.510679 0.860146
vt 0.510679 0.860146
vt 0.510679 0.860146
vt 0.510679 0.860146
vt 0.510679 0.860146
vt 0.510679 0.860146
vt 0.510679 0.860146
vt 0.548305 0.863529
vt 0.548305 0.863529
vt 0.548305 0.863529
vt 0.548305 0.863529
vt 0.548305 0.863529
vt 0.548305 0.863529
vt 0.548305 0.863529
vt 0.548305 0.863529
vt 0.548305 0.863529
vt 0.553055 0.859964
vt 0.553055 0.859964
vt 0.553055 0.859964
vt 0.553055 0.859964
vt 0.553055 0.859964
vt 0.553055 0.859964
vt 0.553055 0.859964
vt 0.553055 0.859964
vt 0.553055 0.859964
vt 0.548305 0.863529
vt 0.548305 0.863529
vt 0.548305 0.863529
vt 0.548305 0.863529
vt 0.548305 0.863529
vt 0.548305 0.863529
vt 0.548305 0.863529
vt 0.548305 0.863529
vt 0.548305 0.863529
vt 0.553218 0.840683
vt 0.553218 0.840683
vt 0.553218 0.840683
vt 0.553218 0.840683
vt 0.553218 0.840683
vt 0.553218 0.840683
vt 0.553218 0.840683
vt 0.553218 0.840683
vt 0.553218 0.840683
vt 0.553218 0.840683
vt 0.553218 0.840683
vt 0.553218 0.840683
vt 0.553218 0.840683
vt 0.553218 0.840683
vt 0.553218 0.840683
vt 0.553218 0.840683
vt 0.553218 0.840683
vt 0.553218 0.840683
vt 0.553218 0.840683
vt 0.553218 0.840683
vt 0.553218 0.840683
vt 0.553218 0.840683
vt 0.553218 0.840683
vt 0.553218 0.840683
vt 0.553218 0.840683
vt 0.553218 0.840683
vt 0.553218 0.840683
vt 0.553218 0.840683
vt 0.553218 0.840683
vt 0.553218 0.840683
vt 0.553218 0.840683
vt 0.553218 0.840683
vt 0.553218 0.840683
vt 0.553218 0.840683
vt 0.553218 0.840683
vt 0.553218 0.840683
vt 0.551265 0.840683
vt 0.551265 0.840683
vt 0.551265 0.840683
vt 0.551265 0.840683
vt 0.551265 0.840683
vt 0.551265 0.840683
vt 0.551265 0.840683
vt 0.551265 0.840683
vt 0.551265 0.840683
vt 0.508133 0.840433
vt 0.508133 0.840433
vt 0.508133 0.840433
vt 0.508133 0.840433
vt 0.508133 0.840433
vt 0.508133 0.840433
vt 0.508133 0.840433
vt 0.508133 0.840433
vt 0.508133 0.840433
vt 0.508133 0.840433
vt 0.508133 0.840433
vt 0.553055 0.859964
vt 0.553055 0.859964
vt 0.555008 0.841409
vt 0.555008 0.841409
vt 0.548305 0.863529
vt 0.548305 0.863529
vt 0.548305 0.863529
vt 0.508133 0.840433
vt 0.532710 0.840683
vt 0.532710 0.840683
vt 0.532710 0.840683
vt 0.532710 0.840683
vt 0.532710 0.840683
vt 0.532710 0.840683
vt 0.532710 0.840683
vt 0.532710 0.840683
vt 0.532710 0.840683
vt 0.532710 0.840683
vt 0.532710 0.840683
vt 0.532710 0.840683
vt 0.532710 0.840683
vt 0.532710 0.840683
vt 0.532710 0.840683
vt 0.510679 0.860146
vt 0.551265 0.840683
vt 0.551265 0.840683
vt 0.553218 0.840683
vt 0.553218 0.840683
vt 0.548305 0.863529
vt 0.548305 0.863529
vt 0.551265 0.840683
vt 0.569869 0.860718
vt 0.569869 0.860718
vt 0.569869 0.860718
vt 0.569869 0.860718
vt 0.569869 0.860718
vt 0.569869 0.860718
vt 0.569869 0.860718
vt 0.569869 0.860718
vt 0.569869 0.860718
vt 0.569869 0.860718
vt 0.569869 0.860718
vt 0.569869 0.860718
vt 0.569869 0.860718
vt 0.569869 0.860718
vt 0.508133 0.840433
vt 0.508133 0.840433
vt 0.555008 0.841409
vt 0.555008 0.841409
vt 0.555008 0.841409
vt 0.555008 0.841409
vt 0.555008 0.841409
vt 0.555008 0.841409
vt 0.555008 0.841409
vt 0.555008 0.841409
vt 0.555008 0.841409
vt 0.555008 0.841409
vt 0.555008 0.841409
vt 0.555008 0.841409
vt 0.555008 0.841409
vt 0.555008 0.841409
vt 0.555008 0.841409
vt 0.555008 0.841409
vt 0.551265 0.840683
vt 0.551265 0.840683
vt 0.553055 0.859964
vt 0.553055 0.859964
vt 0.510679 0.860146
vt 0.510679 0.860146
vt 0.510679 0.860146
vt 0.510679 0.860146
vt 0.510679 0.860146
vt 0.510679 0.860146
vt 0.510679 0.860146
vt 0.510679 0.860146
vt 0.510679 0.860146
vt 0.510679 0.860146
vt 0.510679 0.860146
vt 0.510679 0.860146
vt 0.510679 0.860146
vt 0.510679 0.860146
vt 0.510679 0.860146
vt 0.510679 0.860146
vt 0.510679 0.860146
vt 0.553218 0.840683
vt 0.508133 0.840433
vt 0.508133 0.840433
vt 0.508133 0.840433
vt 0.553055 0.859964
vt 0.553055 0.859964
vt 0.508133 0.840433
vt 0.508133 0.840433
vt 0.508133 0.840433
vt 0.508133 0.840433
vt 0.508133 0.840433
vt 0.551265 0.840683
vt 0.551265 0.840683
vt 0.551265 0.840683
vt 0.551265 0.840683
vt 0.551265 0.840683
vt 0.548305 0.863529
vt 0.548305 0.863529
vt 0.548305 0.863529
vt 0.553055 0.859964
vt 0.548305 0.863529
vt 0.548305 0.863529
vt 0.548305 0.863529
vt 0.548305 0.863529
vt 0.548305 0.863529
vt 0.548305 0.863529
vt 0.548305 0.863529
vt 0.548305 0.863529
vt 0.548305 0.863529
vt 0.548305 0.863529
vt 0.548305 0.863529
vt 0.508133 0.840433
vt 0.508133 0.840433
vt 0.508133 0.840433
vt 0.508133 0.840433
vt 0.508133 0.840433
vt 0.508133 0.840433
vt 0.508133 0.840433
vt 0.508133 0.840433
vt 0.508133 0.840433
vt 0.508133 0.840433
vt 0.508133 0.840433
vt 0.508133 0.840433
vt 0.508133 0.840433
vt 0.508133 0.840433
vt 0.508133 0.840433
vt 0.508133 0.840433
vt 0.508133 0.840433
vt 0.510679 0.860146
vt 0.510679 0.860146
vt 0.510679 0.860146
vt 0.510679 0.860146
vt 0.510679 0.860146
vt 0.510679 0.860146
vt 0.510679 0.860146
vt 0.510679 0.860146
vt 0.510679 0.860146
vt 0.510679 0.860146
vt 0.510679 0.860146
vt 0.510679 0.860146
vt 0.510679 0.860146
vt 0.510679 0.860146
vt 0.510679 0.860146
vt 0.510679 0.860146
vt 0.510679 0.860146
vt 0.510679 0.860146
vt 0.569869 0.860718
vt 0.548305 0.863529
vt 0.548305 0.863529
vt 0.548305 0.863529
vt 0.548305 0.863529
vt 0.548305 0.863529
vt 0.548305 0.863529
vt 0.548305 0.863529
vt 0.548305 0.863529
vt 0.548305 0.863529
vt 0.548305 0.863529
vt 0.548305 0.863529
vt 0.548305 0.863529
vt 0.548305 0.863529
vt 0.548305 0.863529
vt 0.553055 0.859964
vt 0.553055 0.859964
vt 0.553055 0.859964
vt 0.553055 0.859964
vt 0.553055 0.859964
vt 0.553055 0.859964
vt 0.553055 0.859964
vt 0.553055 0.859964
vt 0.553055 0.859964
vt 0.553055 0.859964
vt 0.551265 0.840683
vt 0.551265 0.840683
vt 0.551265 0.840683
vt 0.548305 0.863529
vt 0.548305 0.863529
vt 0.548305 0.863529
vt 0.548305 0.863529
vt 0.548305 0.863529
vt 0.548305 0.863529
vt 0.553218 0.840683
vt 0.553218 0.840683
vt 0.553218 0.840683
vt 0.553218 0.840683
vt 0.553218 0.840683
vt 0.553218 0.840683
vt 0.553218 0.840683
vt 0.553218 0.840683
vt 0.553218 0.840683
vt 0.553218 0.840683
vt 0.553218 0.840683
vt 0.553218 0.840683
vt 0.551265 0.840683
vt 0.551265 0.840683
vt 0.551265 0.840683
vt 0.551265 0.840683
vt 0.551265 0.840683
vt 0.551265 0.840683
vt 0.551265 0.840683
vt 0.551265 0.840683
vt 0.548305 0.863529
vt 0.548305 0.863529
vt 0.548305 0.863529
vt 0.508133 0.840433
vt 0.508133 0.840433
vt 0.508133 0.840433
vt 0.508133 0.840433
vt 0.508133 0.840433
vt 0.508133 0.840433
vt 0.508133 0.840433
vt 0.508133 0.840433
vt 0.508133 0.840433
vt 0.050848 0.461199
vt 0.050848 0.461199
vt 0.050848 0.461199
vt 0.050848 0.461199
vt 0.050848 0.461199
vt 0.050848 0.461199
vt 0.050848 0.461199
vt 0.050848 0.461199
vt 0.050848 0.461199
vt 0.050848 0.461199
vt 0.050848 0.461199
vt 0.072985 0.461199
vt 0.072985 0.461199
vt 0.072985 0.461199
vt 0.072985 0.416926
vt 0.072985 0.416926
vt 0.072985 0.416926
vt 0.050848 0.461199
vt 0.050848 0.461199
vt 0.050848 0.461199
vt 0.050848 0.461199
vt 0.050848 0.461199
vt 0.050848 0.461199
vt 0.050848 0.461199
vt 0.072985 0.373857
vt 0.072985 0.373857
vt 0.072985 0.373857
vt 0.072985 0.373857
vt 0.072985 0.373857
vt 0.072985 0.373857
vt 0.072985 0.373857
vt 0.072985 0.373857
vt 0.072985 0.373857
vt 0.072985 0.373857
vt 0.072985 0.461199
vt 0.072985 0.461199
vt 0.072985 0.461199
vt 0.072985 0.373857
vt 0.072985 0.373857
vt 0.072985 0.416926
vt 0.072985 0.416926
vt 0.072985 0.416926
vt 0.072985 0.373857
vt 0.072985 0.373857
vt 0.072985 0.373857
vt 0.072985 0.373857
vt 0.072985 0.373857
vt 0.050848 0.461199
vt 0.050848 0.461199
vt 0.050848 0.461199
vt 0.072985 0.373857
vt 0.072985 0.373857
vt 0.050848 0.416926
vt 0.050848 0.416926
vt 0.050848 0.416926
vt 0.072985 0.416926
vt 0.072985 0.416926
vt 0.072985 0.416926
vt 0.072985 0.416926
vt 0.072985 0.416926
vt 0.072985 0.416926
vt 0.072985 0.416926
vt 0.072985 0.416926
vt 0.072985 0.461199
vt 0.072985 0.461199
vt 0.072985 0.461199
vt 0.072985 0.416926
vt 0.050848 0.395993
vt 0.050848 0.395993
vt 0.050848 0.395993
vt 0.072985 0.416926
vt 0.072985 0.416926
vt 0.072985 0.416926
vt 0.050848 0.416926
vt 0.050848 0.416926
vt 0.050848 0.416926
vt 0.072985 0.439062
vt 0.072985 0.439062
vt 0.072985 0.439062
vt 0.072985 0.439062
vt 0.072985 0.439062
vt 0.072985 0.439062
vt 0.072985 0.439062
vt 0.072985 0.439062
vt 0.072985 0.439062
vt 0.072985 0.439062
vt 0.072985 0.395993
vt 0.072985 0.395993
vt 0.072985 0.395993
vt 0.072985 0.439062
vt 0.072985 0.439062
vt 0.072985 0.439062
vt 0.072985 0.439062
vt 0.072985 0.439062
vt 0.072985 0.439062
vt 0.072985 0.461199
vt 0.072985 0.461199
vt 0.072985 0.461199
vt 0.072985 0.439062
vt 0.072985 0.439062
vt 0.050848 0.416926
vt 0.050848 0.416926
vt 0.050848 0.416926
vt 0.050848 0.416926
vt 0.050848 0.416926
vt 0.050848 0.416926
vt 0.050848 0.416926
vt 0.050848 0.416926
vt 0.050848 0.416926
vt 0.050848 0.416926
vt 0.050848 0.416926
vt 0.050848 0.416926
vt 0.050848 0.416926
vt 0.050848 0.395993
vt 0.050848 0.395993
vt 0.050848 0.395993
vt 0.050848 0.416926
vt 0.050848 0.416926
vt 0.050848 0.373857
vt 0.050848 0.373857
vt 0.050848 0.373857
vt 0.050848 0.373857
vt 0.050848 0.373857
vt 0.050848 0.373857
vt 0.050848 0.373857
vt 0.050848 0.373857
vt 0.050848 0.373857
vt 0.050848 0.373857
vt 0.050848 0.373857
vt 0.050848 0.373857
vt 0.050848 0.373857
vt 0.050848 0.373857
vt 0.050848 0.373857
vt 0.050848 0.373857
vt 0.050848 0.373857
vt 0.050848 0.373857
vt 0.050848 0.373857
vt 0.050848 0.373857
vt 0.050848 0.373857
vt 0.050848 0.373857
vt 0.050848 0.439062
vt 0.050848 0.439062
vt 0.050848 0.439062
vt 0.050848 0.439062
vt 0.050848 0.439062
vt 0.050848 0.439062
vt 0.050848 0.439062
vt 0.050848 0.439062
vt 0.050848 0.439062
vt 0.050848 0.439062
vt 0.050848 0.439062
vt 0.050848 0.439062
vt 0.050848 0.439062
vt 0.050848 0.439062
vt 0.050848 0.439062
vt 0.050848 0.439062
vt 0.050848 0.439062
vt 0.050848 0.439062
vt 0.050848 0.439062
vt 0.050848 0.439062
vt 0.050848 0.439062
vt 0.050848 0.439062
vt 0.072985 0.439062
vt 0.072985 0.439062
vt 0.072985 0.439062
vt 0.072985 0.439062
vt 0.072985 0.395993
vt 0.072985 0.395993
vt 0.072985 0.395993
vt 0.072985 0.439062
vt 0.072985 0.439062
vt 0.072985 0.439062
vt 0.072985 0.439062
vt 0.072985 0.439062
vt 0.072985 0.439062
vt 0.072985 0.439062
vt 0.072985 0.439062
vt 0.072985 0.439062
vt 0.072985 0.439062
vt 0.072985 0.439062
vt 0.072985 0.439062
vt 0.072985 0.439062
vt 0.072985 0.439062
vt 0.072985 0.461199
vt 0.072985 0.461199
vt 0.072985 0.461199
vt 0.072985 0.461199
vt 0.072985 0.461199
vt 0.072985 0.461199
vt 0.050848 0.416926
vt 0.050848 0.416926
vt 0.050848 0.416926
vt 0.072985 0.461199
vt 0.072985 0.461199
vt 0.072985 0.461199
vt 0.072985 0.461199
vt 0.050848 0.439062
vt 0.050848 0.439062
vt 0.050848 0.439062
vt 0.050848 0.439062
vt 0.050848 0.439062
vt 0.050848 0.439062
vt 0.050848 0.439062
vt 0.050848 0.439062
vt 0.050848 0.439062
vt 0.050848 0.439062
vt 0.050848 0.439062
vt 0.050848 0.439062
vt 0.050848 0.439062
vt 0.050848 0.439062
vt 0.050848 0.439062
vt 0.050848 0.439062
vt 0.050848 0.439062
vt 0.050848 0.439062
vt 0.072985 0.395993
vt 0.072985 0.395993
vt 0.072985 0.395993
vt 0.072985 0.395993
vt 0.072985 0.395993
vt 0.072985 0.395993
vt 0.072985 0.395993
vt 0.072985 0.395993
vt 0.072985 0.395993
vt 0.072985 0.395993
vt 0.072985 0.395993
vt 0.072985 0.395993
vt 0.072985 0.416926
vt 0.072985 0.416926
vt 0.072985 0.416926
vt 0.072985 0.416926
vt 0.072985 0.416926
vt 0.072985 0.416926
vt 0.072985 0.416926
vt 0.072985 0.416926
vt 0.072985 0.416926
vt 0.072985 0.416926
vt 0.072985 0.416926
vt 0.072985 0.461199
vt 0.072985 0.461199
vt 0.072985 0.461199
vt 0.072985 0.416926
vt 0.072985 0.416926
vt 0.072985 0.416926
vt 0.072985 0.416926
vt 0.072985 0.416926
vt 0.072985 0.416926
vt 0.072985 0.416926
vt 0.050848 0.395993
vt 0.050848 0.461199
vt 0.050848 0.461199
vt 0.050848 0.395993
vt 0.050848 0.395993
vt 0.050848 0.395993
vt 0.050848 0.395993
vt 0.050848 0.395993
vt 0.050848 0.395993
vt 0.050848 0.395993
vt 0.050848 0.395993
vt 0.050848 0.395993
vt 0.050848 0.395993
vt 0.050848 0.395993
vt 0.050848 0.461199
vt 0.050848 0.461199
vt 0.050848 0.461199
vt 0.050848 0.461199
vt 0.050848 0.461199
vt 0.050848 0.461199
vt 0.050848 0.461199
vt 0.050848 0.461199
vt 0.050848 0.461199
vt 0.050848 0.461199
vt 0.050848 0.461199
vt 0.050848 0.461199
vt 0.050848 0.461199
vt 0.050848 0.416926
vt 0.050848 0.416926
vt 0.050848 0.416926
vt 0.050848 0.416926
vt 0.050848 0.416926
vt 0.050848 0.416926
vt 0.050848 0.416926
vt 0.050848 0.416926
vt 0.050848 0.416926
vt 0.050848 0.416926
vt 0.050848 0.416926
vt 0.050848 0.416926
vt 0.072985 0.461199
vt 0.072985 0.461199
vt 0.072985 0.461199
vt 0.072985 0.461199
vt 0.072985 0.461199
vt 0.072985 0.461199
vt 0.072985 0.461199
vt 0.072985 0.461199
vt 0.072985 0.461199
vt 0.072985 0.461199
vt 0.072985 0.461199
vt 0.072985 0.461199
vt 0.508133 0.840433
vt 0.532710 0.840683
vt 0.551265 0.840683
vt 0.569869 0.860718
vt 0.548305 0.863529
vt 0.548305 0.863529
vt 0.548305 0.863529
vt 0.548305 0.863529
vn 0.318567 -0.619333 -0.717594
vn 0.318567 -0.619333 -0.717594
vn 0.318567 -0.619333 -0.717594
vn -0.501774 -0.781932 -0.369871
vn -0.501774 -0.781932 -0.369871
vn -0.501774 -0.781932 -0.369871
vn 0.232362 -0.162880 -0.958894
vn 0.232362 -0.162880 -0.958894
vn 0.232362 -0.162880 -0.958894
vn -0.338606 0.836816 0.430216
vn -0.338606 0.836816 0.430216
vn -0.338606 0.836816 0.430216
vn 0.871556 0.490267 -0.005344
vn 0.871556 0.490267 -0.005344
vn 0.871556 0.490267 -0.005344
vn 0.457308 0.331681 0.825141
vn 0.457308 0.331681 0.825141
vn 0.457308 0.331681 0.825141
vn -0.756724 -0.393637 -0.521938
vn -0.756724 -0.393637 -0.521938
vn -0.756724 -0.393637 -0.521938
vn -0.176602 -0.874344 -0.452033
vn -0.176602 -0.874344 -0.452033
vn -0.176602 -0.874344 -0.452033
vn -0.920455 -0.220491 -0.322716
vn -0.920455 -0.220491 -0.322716
vn -0.920455 -0.220491 -0.322716
vn 0.322323 -0.598578 0.733356
vn 0.322323 -0.598578 0.733356
vn 0.322323 -0.598578 0.733356
vn 0.540509 0.689397 -0.482267
vn 0.540509 0.689397 -0.482267
vn 0.540509 0.689397 -0.482267
vn 0.075122 -0.994291 0.075777
vn 0.075122 -0.994291 0.075777
vn 0.075122 -0.994291 0.075777
vn -0.200479 -0.972798 0.116067
vn -0.200479 -0.972798 0.116067
vn -0.200479 -0.972798 0.116067
vn 0.537039 0.500983 -0.678680
vn 0.537039 0.500983 -0.678680
vn 0.537039 0.500983 -0.678680
vn 0.460665 -0.399241 0.792713
vn 0.460665 -0.399241 0.792713
vn 0.460665 -0.399241 0.792713
vn 0.179160 0.983761 -0.010750
vn 0.179160 0.983761 -0.010750
vn 0.179160 0.983761 -0.010750
vn 0.623086 -0.582710 0.521740
vn 0.623086 -0.582710 0.521740
vn 0.623086 -0.582710 0.521740
vn 0.179309 -0.840495 0.511290
vn 0.179309 -0.840495 0.511290
vn 0.179309 -0.840495 0.511290
vn 0.491996 -0.815022 -0.306071
vn 0.491996 -0.815022 -0.306071
vn 0.491996 -0.815022 -0.306071
vn -0.264280 0.938702 0.221348
vn -0.264280 0.938702 0.221348
vn -0.264280 0.938702 0.221348
vn -0.838025 -0.504591 -0.207611
vn -0.838025 -0.504591 -0.207611
vn -0.838025 -0.504591 -0.207611
vn 0.661099 -0.469559 -0.585202
vn 0.661099 -0.469559 -0.585202
vn 0.661099 -0.469559 -0.585202
vn 0.956732 0.231317 0.176511
vn 0.956732 0.231317 0.176511
vn 0.956732 0.231317 0.176511
vn 0.015469 -0.467170 0.884032
vn 0.015469 -0.467170 0.884032
vn 0.015469 -0.467170 0.884032
vn -0.676518 -0.008719 0.736374
vn -0.676518 -0.008719 0.736374
vn -0.676518 -0.008719 0.736374
vn -0.347375 -0.486410 0.801708
vn -0.347375 -0.486410 0.801708
vn -0.347375 -0.486410 0.801708
vn -0.767070 -0.623686 -0.150398
vn -0.767070 -0.623686 -0.150398
vn -0.767070 -0.623686 -0.150398
vn 0.338967 0.219021 -0.914949
vn 0.338967 0.219021 -0.914949
vn 0.338967 0.219021 -0.914949
vn -0.521218 0.019504 -0.853201
vn -0.521218 0.019504 -0.853201
vn -0.521218 0.019504 -0.853201
vn 0.314253 -0.770758 0.554236
vn 0.314253 -0.770758 0.554236
vn 0.314253 -0.770758 0.554236
vn 0.489064 -0.111827 0.865050
vn 0.489064 -0.111827 0.865050
vn 0.489064 -0.111827 0.865050
vn -0.880539 -0.473768 0.013967
vn -0.880539 -0.473768 0.013967
vn -0.880539 -0.473768 0.013967
vn -0.161777 -0.117128 -0.979852
vn -0.161777 -0.117128 -0.979852
vn -0.161777 -0.117128 -0.979852
vn 0.816638 0.182965 -0.547381
vn 0.816638 0.182965 -0.547381
vn 0.816638 0.182965 -0.547381
vn 0.079273 0.926638 -0.367503
vn 0.079273 0.926638 -0.367503
vn 0.079273 0.926638 -0.367503
vn -0.786447 -0.176510 -0.591900
vn -0.786447 -0.176510 -0.591900
vn -0.786447 -0.176510 -0.591900
vn 0.321088 0.330412 0.887542
vn 0.321088 0.330412 0.887542
vn 0.321088 0.330412 0.887542
vn -0.913478 0.389282 0.118398
vn -0.913478 0.389282 0.118398
vn -0.913478 0.389282 0.118398
vn -0.198674 -0.501865 -0.841820
vn -0.198674 -0.501865 -0.841820
vn -0.198674 -0.501865 -0.841820
vn -0.133627 -0.665785 -0.734081
vn -0.133627 -0.665785 -0.734081
vn -0.133627 -0.665785 -0.734081
vn 0.013883 -0.949250 0.314215
vn 0.013883 -0.949250 0.314215
vn 0.013883 -0.949250 0.314215
vn 0.218545 0.887303 0.406119
vn 0.218545 0.887303 0.406119
vn 0.218545 0.887303 0.406119
vn 0.404506 -0.649379 0.643958
vn 0.404506 -0.649379 0.643958
vn 0.404506 -0.649379 0.643958
vn 0.181073 -0.936744 0.299539
vn 0.181073 -0.936744 0.299539
vn 0.181073 -0.936744 0.299539
vn 0.943806 -0.298688 -0.141479
vn 0.943806 -0.298688 -0.141479
vn 0.943806 -0.298688 -0.141479
vn -0.009389 0.651612 0.758494
vn -0.009389 0.651612 0.758494
vn -0.009389 0.651612 0.758494
vn -0.594496 -0.609831 0.524100
vn -0.594496 -0.609831 0.524100
vn -0.594496 -0.609831 0.524100
vn 0.926834 0.369694 -0.065616
vn 0.926834 0.369694 -0.065616
vn 0.926834 0.369694 -0.065616
vn -0.395990 -0.918237 -0.005658
vn -0.395990 -0.918237 -0.005658
vn -0.395990 -0.918237 -0.005658
vn -0.229537 0.490999 -0.840376
vn -0.229537 0.490999 -0.840376
vn -0.229537 0.490999 -0.840376
vn -0.688120 -0.670308 0.277808
vn -0.688120 -0.670308 0.277808
vn -0.688120 -0.670308 0.277808
vn 0.524626 -0.805278 -0.276214
vn 0.524626 -0.805278 -0.276214
vn 0.524626 -0.805278 -0.276214
vn -0.777683 0.593962 -0.205957
vn -0.777683 0.593962 -0.205957
vn -0.777683 0.593962 -0.205957
vn -0.630905 0.724893 -0.276567
vn -0.630905 0.724893 -0.276567
vn -0.630905 0.724893 -0.276567
vn 0.221636 0.460394 -0.859601
vn 0.221636 0.460394 -0.859601
vn 0.221636 0.460394 -0.859601
vn 0.994854 -0.086419 -0.052897
vn 0.994854 -0.086419 -0.052897
vn 0.994854 -0.086419 -0.052897
vn 0.978936 0.191753 0.070113
vn 0.978936 0.191753 0.070113
vn 0.978936 0.191753 0.070113
vn -0.538962 -0.149819 0.828899
vn -0.538962 -0.149819 0.828899
vn -0.538962 -0.149819 0.828899
vn 0.168650 -0.613005 0.771870
vn 0.168650 -0.613005 0.771870
vn 0.168650 -0.613005 0.771870
vn -0.881438 -0.430269 -0.194771
vn -0.881438 -0.430269 -0.194771
vn -0.881438 -0.430269 -0.194771
vn -0.302836 -0.054508 -0.951483
vn -0.302836 -0.054508 -0.951483
vn -0.302836 -0.054508 -0.951483
vn 0.058495 0.060549 -0.996450
vn 0.058495 0.060549 -0.996450
vn 0.058495 0.060549 -0.996450
vn 0.830926 -0.529671 0.170323
vn 0.830926 -0.529671 0.170323
vn 0.830926 -0.529671 0.170323
vn -0.194874 -0.977514 0.080563
vn -0.194874 -0.977514 0.080563
vn -0.194874 -0.977514 0.080563
vn -0.014820 -0.320714 -0.947060
vn -0.014820 -0.320714 -0.947060
vn -0.014820 -0.320714 -0.947060
vn -0.139870 -0.230503 0.962967
vn -0.139870 -0.230503 0.962967
vn -0.139870 -0.230503 0.962967
vn -0.955697 0.263154 0.131885
vn -0.955697 0.263154 0.131885
vn -0.955697 0.263154 0.131885
vn 0.836516 -0.112188 -0.536335
vn 0.836516 -0.112188 -0.536335
vn 0.836516 -0.112188 -0.536335
vn 0.485819 -0.353520 -0.799377
vn 0.485819 -0.353520 -0.799377
vn 0.485819 -0.353520 -0.799377
vn -0.121876 -0.912435 0.390652
vn -0.121876 -0.912435 0.390652
vn -0.121876 -0.912435 0.390652
vn 0.445816 0.038849 0.894281
vn 0.445816 0.038849 0.894281
vn 0.445816 0.038849 0.894281
vn -0.374977 0.257018 0.890693
vn -0.374977 0.257018 0.890693
vn -0.374977 0.257018 0.890693
vn 0.582399 0.520052 0.624786
vn 0.582399 0.520052 0.624786
vn 0.582399 0.520052 0.624786
vn -0.973648 0.206952 -0.095815
vn -0.973648 0.206952 -0.095815
vn -0.973648 0.206952 -0.095815
vn -0.705480 0.160802 -0.690247
vn -0.705480 0.160802 -0.690247
vn -0.705480 0.160802 -0.690247
vn 0.107678 -0.161260 0.981020
vn 0.107678 -0.161260 0.981020
vn 0.107678 -0.161260 0.981020
vn -0.459163 -0.556996 -0.692044
vn -0.459163 -0.556996 -0.692044
vn -0.459163 -0.556996 -0.692044
vn -0.131670 -0.904713 0.405164
vn -0.131670 -0.904713 0.405164
vn -0.131670 -0.904713 0.405164
vn -0.224366 0.872666 0.433721
vn -0.224366 0.872666 0.433721
vn -0.224366 0.872666 0.433721
vn 0.094977 0.964988 0.244493
vn 0.094977 0.964988 0.244493
vn 0.094977 0.964988 0.244493
vn 0.187967 -0.613964 0.766626
vn 0.187967 -0.613964 0.766626
vn 0.187967 -0.613964 0.766626
vn 0.671972 -0.702829 -0.233421
vn 0.671972 -0.702829 -0.233421
vn 0.671972 -0.702829 -0.233421
vn -0.132059 0.889464 -0.437508
vn -0.132059 0.889464 -0.437508
vn -0.132059 0.889464 -0.437508
vn 0.345427 0.916910 -0.199893
vn 0.345427 0.916910 -0.199893
vn 0.345427 0.916910 -0.199893
vn -0.142131 0.589181 0.795402
vn -0.142131 0.589181 0.795402
vn -0.142131 0.589181 0.795402
vn -0.905748 -0.092011 -0.413709
vn -0.905748 -0.092011 -0.413709
vn -0.905748 -0.092011 -0.413709
vn 0.853524 0.439334 0.280148
vn 0.853524 0.439334 0.280148
vn 0.853524 0.439334 0.280148
vn -0.291717 -0.950835 -0.103990
vn -0.291717 -0.950835 -0.103990
vn -0.291717 -0.950835 -0.103990
vn -0.259937 -0.438177 -0.860484
vn -0.259937 -0.438177 -0.860484
vn -0.259937 -0.438177 -0.860484
vn -0.667099 0.726535 -0.164698
vn -0.667099 0.726535 -0.164698
vn -0.667099 0.726535 -0.164698
vn 0.502130 -0.864260 -0.030322
vn 0.502130 -0.864260 -0.030322
vn 0.502130 -0.864260 -0.030322
vn -0.036227 -0.801837 -0.596444
vn -0.036227 -0.801837 -0.596444
vn -0.036227 -0.801837 -0.596444
vn -0.947948 0.025987 0.317363
vn -0.947948 0.025987 0.317363
vn -0.947948 0.025987 0.317363
vn -0.709546 -0.332001 -0.621547
vn -0.709546 -0.332001 -0.621547
vn -0.709546 -0.332001 -0.621547
vn -0.283646 0.425324 0.859444
vn -0.283646 0.425324 0.859444
vn -0.283646 0.425324 0.859444
vn 0.642285 -0.261812 -0.720364
vn 0.642285 -0.261812 -0.720364
vn 0.642285 -0.261812 -0.720364
vn -0.374297 -0.441957 0.815215
vn -0.374297 -0.441957 0.815215
vn -0.374297 -0.441957 0.815215
vn 0.969227 0.243425 -0.036644
vn 0.969227 0.243425 -0.036644
vn 0.969227 0.243425 -0.036644
vn -0.930829 -0.004185 -0.365432
vn -0.930829 -0.004185 -0.365432
vn -0.930829 -0.004185 -0.365432
vn -0.145710 -0.577662 0.803166
vn -0.145710 -0.577662 0.803166
vn -0.145710 -0.577662 0.803166
vn 0.866833 0.187642 -0.461942
vn 0.866833 0.187642 -0.461942
vn 0.866833 0.187642 -0.461942
vn -0.950157 0.171391 0.260437
vn -0.950157 0.171391 0.260437
vn -0.950157 0.171391 0.260437
vn 0.693148 -0.630373 0.349537
vn 0.693148 -0.630373 0.349537
vn 0.693148 -0.630373 0.349537
vn -0.260935 0.226022 -0.938524
vn -0.260935 0.226022 -0.938524
vn -0.260935 0.226022 -0.938524
vn 0.106790 0.143798 0.983828
vn 0.106790 0.143798 0.983828
vn 0.106790 0.143798 0.983828
vn -0.508795 0.841464 -0.181840
vn -0.508795 0.841464 -0.181840
vn -0.508795 0.841464 -0.181840
vn 0.249092 0.833799 0.492679
vn 0.249092 0.833799 0.492679
vn 0.249092 0.833799 0.492679
vn -0.978917 -0.169306 0.114268
vn -0.978917 -0.169306 0.114268
vn -0.978917 -0.169306 0.114268
vn 0.211401 -0.827216 -0.520599
vn 0.211401 -0.827216 -0.520599
vn 0.211401 -0.827216 -0.520599
vn -0.136104 -0.015601 -0.990572
vn -0.136104 -0.015601 -0.990572
vn -0.136104 -0.015601 -0.990572
vn -0.780365 0.581894 0.228978
vn -0.780365 0.581894 0.228978
vn -0.780365 0.581894 0.228978
vn 0.561576 0.253757 0.787553
vn 0.561576 0.253757 0.787553
vn 0.561576 0.253757 0.787553
vn -0.158162 -0.211734 -0.964445
vn -0.158162 -0.211734 -0.964445
vn -0.158162 -0.211734 -0.964445
vn 0.069340 -0.848174 -0.525160
vn 0.069340 -0.848174 -0.525160
vn 0.069340 -0.848174 -0.525160
vn -0.617358 -0.235018 0.750757
vn -0.617358 -0.235018 0.750757
vn -0.617358 -0.235018 0.750757
vn -0.159515 -0.811127 -0.562698
vn -0.159515 -0.811127 -0.562698
vn -0.159515 -0.811127 -0.562698
vn -0.780928 -0.027561 -0.624012
vn -0.780928 -0.027561 -0.624012
vn -0.780928 -0.027561 -0.624012
vn -0.431588 0.515579 0.740209
vn -0.431588 0.515579 0.740209
vn -0.431588 0.515579 0.740209
vn 0.939631 0.287390 0.185743
vn 0.939631 0.287390 0.185743
vn 0.939631 0.287390 0.185743
vn -0.738629 -0.362339 -0.568452
vn -0.738629 -0.362339 -0.568452
vn -0.738629 -0.362339 -0.568452
vn -0.265253 -0.842333 -0.469165
vn -0.265253 -0.842333 -0.469165
vn -0.265253 -0.842333 -0.469165
vn 0.260077 -0.232232 0.937245
vn 0.260077 -0.232232 0.937245
vn 0.260077 -0.232232 0.937245
vn -0.428711 -0.837915 -0.337795
vn -0.428711 -0.837915 -0.337795
vn -0.428711 -0.837915 -0.337795
vn 0.655954 0.469272 -0.591193
vn 0.655954 0.469272 -0.591193
vn 0.655954 0.469272 -0.591193
vn -0.858184 -0.500714 0.113161
vn -0.858184 -0.500714 0.113161
vn -0.858184 -0.500714 0.113161
vn -0.421212 -0.880587 -0.217132
vn -0.421212 -0.880587 -0.217132
vn -0.421212 -0.880587 -0.217132
vn 0.256068 0.947477 -0.191613
vn 0.256068 0.947477 -0.191613
vn 0.256068 0.947477 -0.191613
vn -0.371043 -0.856795 -0.358090
vn -0.371043 -0.856795 -0.358090
vn -0.371043 -0.856795 -0.358090
vn -0.988254 0.035152 -0.148722
vn -0.988254 0.035152 -0.148722
vn -0.988254 0.035152 -0.148722
vn -0.490508 0.142677 0.859677
vn -0.490508 0.142677 0.859677
vn -0.490508 0.142677 0.859677
vn 0.738109 0.100441 -0.667163
vn 0.738109 0.100441 -0.667163
vn 0.738109 0.100441 -0.667163
vn -0.171707 0.883132 0.436572
vn -0.171707 0.883132 0.436572
vn -0.171707 0.883132 0.436572
vn 0.238683 -0.726281 -0.644629
vn 0.238683 -0.726281 -0.644629
vn 0.238683 -0.726281 -0.644629
vn -0.937583 0.176574 -0.299599
vn -0.937583 0.176574 -0.299599
vn -0.937583 0.176574 -0.299599
vn 0.858556 0.161606 0.486586
vn 0.858556 0.161606 0.486586
vn 0.858556 0.161606 0.486586
vn -0.128812 -0.451953 -0.882692
vn -0.128812 -0.451953 -0.882692
vn -0.128812 -0.451953 -0.882692
vn -0.805521 0.245160 0.539474
vn -0.805521 0.245160 0.539474
vn -0.805521 0.245160 0.539474
vn 0.973520 -0.014641 -0.228132
vn 0.973520 -0.014641 -0.228132
vn 0.973520 -0.014641 -0.228132
vn -0.834645 -0.550529 0.016886
vn -0.834645 -0.550529 0.016886
vn -0.834645 -0.550529 0.016886
vn 0.500697 0.212079 0.839241
vn 0.500697 0.212079 0.839241
vn 0.500697 0.212079 0.839241
vn -0.222537 0.077356 -0.971850
vn -0.222537 0.077356 -0.971850
vn -0.222537 0.077356 -0.971850
vn -0.995477 0.041133 -0.085633
vn -0.995477 0.041133 -0.085633
vn -0.995477 0.041133 -0.085633
vn -0.964331 -0.207477 -0.164376
vn -0.964331 -0.207477 -0.164376
vn -0.964331 -0.207477 -0.164376
vn -0.979071 0.197247 0.050136
vn -0.979071 0.197247 0.050136
vn -0.979071 0.197247 0.050136
vn -0.981638 0.154526 0.111837
vn -0.981638 0.154526 0.111837
vn -0.981638 0.154526 0.111837
vn -0.980062 -0.001870 0.198682
vn -0.980062 -0.001870 0.198682
vn -0.980062 -0.001870 0.198682
vn 0.493519 -0.349198 -0.796555
vn 0.493519 -0.349198 -0.796555
vn 0.493519 -0.349198 -0.796555
vn 0.267307 -0.649482 0.711843
vn 0.267307 -0.649482 0.711843
vn 0.267307 -0.649482 0.711843
vn 0.242787 0.384594 -0.890585
vn 0.242787 0.384594 -0.890585
vn 0.242787 0.384594 -0.890585
vn -0.955530 0.273305 -0.110755
vn -0.955530 0.273305 -0.110755
vn -0.955530 0.273305 -0.110755
vn 0.855998 -0.104223 0.506365
vn 0.855998 -0.104223 0.506365
vn 0.855998 -0.104223 0.506365
vn 0.352253 -0.699756 0.621498
vn 0.352253 -0.699756 0.621498
vn 0.352253 -0.699756 0.621498
vn 0.863301 -0.368802 -0.344523
vn 0.863301 -0.368802 -0.344523
vn 0.863301 -0.368802 -0.344523
vn -0.320029 -0.736979 0.595352
vn -0.320029 -0.736979 0.595352
vn -0.320029 -0.736979 0.595352
vn 0.838278 0.512396 -0.186386
vn 0.838278 0.512396 -0.186386
vn 0.838278 0.512396 -0.186386
vn -0.641814 0.427442 -0.636685
vn -0.641814 0.427442 -0.636685
vn -0.641814 0.427442 -0.636685
vn 0.223112 -0.406350 0.886059
vn 0.223112 -0.406350 0.886059
vn 0.223112 -0.406350 0.886059
vn -0.202341 -0.792288 0.575619
vn -0.202341 -0.792288 0.575619
vn -0.202341 -0.792288 0.575619
vn 0.459729 -0.449086 0.766141
vn 0.459729 -0.449086 0.766141
vn 0.459729 -0.449086 0.766141
vn 0.528537 0.245197 -0.812728
vn 0.528537 0.245197 -0.812728
vn 0.528537 0.245197 -0.812728
vn -0.818559 -0.010046 0.574335
vn -0.818559 -0.010046 0.574335
vn -0.818559 -0.010046 0.574335
vn 0.840178 -0.450872 -0.301355
vn 0.840178 -0.450872 -0.301355
vn 0.840178 -0.450872 -0.301355
vn -0.688776 0.246522 -0.681773
vn -0.688776 0.246522 -0.681773
vn -0.688776 0.246522 -0.681773
vn 0.407268 -0.004065 0.913300
vn 0.407268 -0.004065 0.913300
vn 0.407268 -0.004065 0.913300
vn -0.433976 0.405498 0.804510
vn -0.433976 0.405498 0.804510
vn -0.433976 0.405498 0.804510
vn 0.589302 0.655284 -0.472574
vn 0.589302 0.655284 -0.472574
vn 0.589302 0.655284 -0.472574
vn -0.606852 0.654690 -0.450680
vn -0.606852 0.654690 -0.450680
vn -0.606852 0.654690 -0.450680
vn 0.666742 0.197812 -0.718558
vn 0.666742 0.197812 -0.718558
vn 0.666742 0.197812 -0.718558
vn -0.849875 0.154868 -0.503714
vn -0.849875 0.154868 -0.503714
vn -0.849875 0.154868 -0.503714
vn 0.820705 0.170507 -0.545317
vn 0.820705 0.170507 -0.545317
vn 0.820705 0.170507 -0.545317
vn 0.643719 -0.649809 0.404196
vn 0.643719 -0.649809 0.404196
vn 0.643719 -0.649809 0.404196
vn -0.743464 0.647153 0.168687
vn -0.743464 0.647153 0.168687
vn -0.743464 0.647153 0.168687
vn -0.624537 0.332782 -0.706548
vn -0.624537 0.332782 -0.706548
vn -0.624537 0.332782 -0.706548
vn 0.154525 -0.065385 0.985823
vn 0.154525 -0.065385 0.985823
vn 0.154525 -0.065385 0.985823
vn -0.734627 0.142591 0.663318
vn -0.734627 0.142591 0.663318
vn -0.734627 0.142591 0.663318
vn -0.955716 0.273177 -0.109464
vn -0.955716 0.273177 -0.109464
vn -0.955716 0.273177 -0.109464
vn 0.636510 -0.441134 0.632657
vn 0.636510 -0.441134 0.632657
vn 0.636510 -0.441134 0.632657
vn 0.684481 -0.596919 0.418537
vn 0.684481 -0.596919 0.418537
vn 0.684481 -0.596919 0.418537
vn -0.301780 -0.369813 -0.878731
vn -0.301780 -0.369813 -0.878731
vn -0.301780 -0.369813 -0.878731
vn -0.449963 0.355712 0.819147
vn -0.449963 0.355712 0.819147
vn -0.449963 0.355712 0.819147
vn -0.116850 0.819979 0.560340
vn -0.116850 0.819979 0.560340
vn -0.116850 0.819979 0.560340
vn 0.874471 -0.406602 0.264530
vn 0.874471 -0.406602 0.264530
vn 0.874471 -0.406602 0.264530
vn -0.030965 0.363586 0.931046
vn -0.030965 0.363586 0.931046
vn -0.030965 0.363586 0.931046
vn -0.976959 0.034100 0.210687
vn -0.976959 0.034100 0.210687
vn -0.976959 0.034100 0.210687
vn 0.215688 0.227334 -0.949630
vn 0.215688 0.227334 -0.949630
vn 0.215688 0.227334 -0.949630
vn 0.017503 -0.466733 -0.884225
vn 0.017503 -0.466733 -0.884225
vn 0.017503 -0.466733 -0.884225
vn -0.348537 0.211644 0.913088
vn -0.348537 0.211644 0.913088
vn -0.348537 0.211644 0.913088
vn 0.813898 -0.111611 -0.570186
vn 0.813898 -0.111611 -0.570186
vn 0.813898 -0.111611 -0.570186
vn 0.986699 0.125951 0.102774
vn 0.986699 0.125951 0.102774
vn 0.986699 0.125951 0.102774
vn 0.303323 0.118171 0.945532
vn 0.303323 0.118171 0.945532
vn 0.303323 0.118171 0.945532
vn 0.296165 -0.305052 -0.905113
vn 0.296165 -0.305052 -0.905113
vn 0.296165 -0.305052 -0.905113
vn 0.038786 -0.415977 -0.908548
vn 0.038786 -0.415977 -0.908548
vn 0.038786 -0.415977 -0.908548
vn -0.745005 -0.362930 0.559687
vn -0.745005 -0.362930 0.559687
vn -0.745005 -0.362930 0.559687
vn 0.982750 0.144412 0.115532
vn 0.982750 0.144412 0.115532
vn 0.982750 0.144412 0.115532
vn -0.412570 -0.910017 0.040690
vn -0.412570 -0.910017 0.040690
vn -0.412570 -0.910017 0.040690
vn -0.582716 -0.186699 -0.790940
vn -0.582716 -0.186699 -0.790940
vn -0.582716 -0.186699 -0.790940
vn 0.923752 0.182037 0.336965
vn 0.923752 0.182037 0.336965
vn 0.923752 0.182037 0.336965
vn 0.245093 0.015330 0.969378
vn 0.245093 0.015330 0.969378
vn 0.245093 0.015330 0.969378
vn 0.324251 -0.016049 -0.945835
vn 0.324251 -0.016049 -0.945835
vn 0.324251 -0.016049 -0.945835
vn 0.925858 -0.266554 -0.267837
vn 0.925858 -0.266554 -0.267837
vn 0.925858 -0.266554 -0.267837
vn 0.732554 -0.251667 0.632478
vn 0.732554 -0.251667 0.632478
vn 0.732554 -0.251667 0.632478
vn -0.988609 -0.117519 0.094028
vn -0.988609 -0.117519 0.094028
vn -0.988609 -0.117519 0.094028
vn -0.326487 -0.041994 -0.944268
vn -0.326487 -0.041994 -0.944268
vn -0.326487 -0.041994 -0.944268
vn -0.548605 -0.126311 -0.826485
vn -0.548605 -0.126311 -0.826485
vn -0.548605 -0.126311 -0.826485
vn -0.545833 -0.409202 0.731177
vn -0.545833 -0.409202 0.731177
vn -0.545833 -0.409202 0.731177
vn 0.912151 0.043257 -0.407565
vn 0.912151 0.043257 -0.407565
vn 0.912151 0.043257 -0.407565
vn -0.876548 -0.214821 -0.430716
vn -0.876548 -0.214821 -0.430716
vn -0.876548 -0.214821 -0.430716
vn -0.780918 0.496880 -0.378519
vn -0.780918 0.496880 -0.378519
vn -0.780918 0.496880 -0.378519
vn -0.531540 -0.569505 0.627000
vn -0.531540 -0.569505 0.627000
vn -0.531540 -0.569505 0.627000
vn -0.888719 -0.166280 0.427234
vn -0.888719 -0.166280 0.427234
vn -0.888719 -0.166280 0.427234
vn 0.998354 -0.018771 -0.054201
vn 0.998354 -0.018771 -0.054201
vn 0.998354 -0.018771 -0.054201
vn -0.862043 0.027563 -0.506085
vn -0.862043 0.027563 -0.506085
vn -0.862043 0.027563 -0.506085
vn -0.200298 0.013397 -0.979644
vn -0.200298 0.013397 -0.979644
vn -0.200298 0.013397 -0.979644
vn 0.743387 -0.265664 -0.613839
vn 0.743387 -0.265664 -0.613839
vn 0.743387 -0.265664 -0.613839
vn -0.100519 -0.131334 0.986229
vn -0.100519 -0.131334 0.986229
vn -0.100519 -0.131334 0.986229
vn -0.987379 0.004491 0.158313
vn -0.987379 0.004491 0.158313
vn -0.987379 0.004491 0.158313
vn -0.913685 -0.094442 0.395298
vn -0.913685 -0.094442 0.395298
vn -0.913685 -0.094442 0.395298
vn 0.558668 -0.445357 0.699677
vn 0.558668 -0.445357 0.699677
vn 0.558668 -0.445357 0.699677
vn -0.210474 0.071273 -0.974998
vn -0.210474 0.071273 -0.974998
vn -0.210474 0.071273 -0.974998
vn -0.586727 -0.202417 0.784079
vn -0.586727 -0.202417 0.784079
vn -0.586727 -0.202417 0.784079
vn -0.602536 0.293332 0.742231
vn -0.602536 0.293332 0.742231
vn -0.602536 0.293332 0.742231
vn 0.257389 0.939934 0.224219
vn 0.257389 0.939934 0.224219
vn 0.257389 0.939934 0.224219
vn -0.761587 -0.148142 0.630903
vn -0.761587 -0.148142 0.630903
vn -0.761587 -0.148142 0.630903
vn 0.445034 -0.800711 -0.401006
vn 0.445034 -0.800711 -0.401006
vn 0.445034 -0.800711 -0.401006
vn -0.217852 0.570360 0.791978
vn -0.217852 0.570360 0.791978
vn -0.217852 0.570360 0.791978
vn 0.509426 -0.745837 0.429200
vn 0.509426 -0.745837 0.429200
vn 0.509426 -0.745837 0.429200
vn -0.114528 -0.199040 0.973276
vn -0.114528 -0.199040 0.973276
vn -0.114528 -0.199040 0.973276
vn 0.540636 0.564239 -0.623976
vn 0.540636 0.564239 -0.623976
vn 0.540636 0.564239 -0.623976
vn -0.389304 0.569048 0.724311
vn -0.389304 0.569048 0.724311
vn -0.389304 0.569048 0.724311
vn 0.578548 -0.810279 -0.093435
vn 0.578548 -0.810279 -0.093435
vn 0.578548 -0.810279 -0.093435
vn -0.934477 0.281793 0.217590
vn -0.934477 0.281793 0.217590
vn -0.934477 0.281793 0.217590
vn 0.759839 -0.230096 0.608031
vn 0.759839 -0.230096 0.608031
vn 0.759839 -0.230096 0.608031
vn 0.070769 0.074764 0.994687
vn 0.070769 0.074764 0.994687
vn 0.070769 0.074764 0.994687
vn -0.724518 0.273667 0.632598
vn -0.724518 0.273667 0.632598
vn -0.724518 0.273667 0.632598
vn 0.649835 -0.750084 -0.122832
vn 0.649835 -0.750084 -0.122832
vn 0.649835 -0.750084 -0.122832
vn 0.777191 -0.623113 0.087770
vn 0.777191 -0.623113 0.087770
vn 0.777191 -0.623113 0.087770
vn -0.942244 -0.174249 -0.286030
vn -0.942244 -0.174249 -0.286030
vn -0.942244 -0.174249 -0.286030
vn 0.402616 0.193773 0.894624
vn 0.402616 0.193773 0.894624
vn 0.402616 0.193773 0.894624
vn 0.987479 0.147017 0.057187
vn 0.987479 0.147017 0.057187
vn 0.987479 0.147017 0.057187
vn 0.184772 0.537255 0.822932
vn 0.184772 0.537255 0.822932
vn 0.184772 0.537255 0.822932
vn -0.453068 0.797738 0.397924
vn -0.453068 0.797738 0.397924
vn -0.453068 0.797738 0.397924
vn 0.389474 -0.767884 -0.508590
vn 0.389474 -0.767884 -0.508590
vn 0.389474 -0.767884 -0.508590
vn -0.531318 0.205978 0.821751
vn -0.531318 0.205978 0.821751
vn -0.531318 0.205978 0.821751
vn 0.978149 -0.180739 -0.102750
vn 0.978149 -0.180739 -0.102750
vn 0.978149 -0.180739 -0.102750
vn 0.744944 0.080444 0.662259
vn 0.744944 0.080444 0.662259
vn 0.744944 0.080444 0.662259
vn -0.106021 0.219774 0.969773
vn -0.106021 0.219774 0.969773
vn -0.106021 0.219774 0.969773
vn 0.419701 -0.704470 -0.572340
vn 0.419701 -0.704470 -0.572340
vn 0.419701 -0.704470 -0.572340
vn 0.654126 -0.565178 -0.502685
vn 0.654126 -0.565178 -0.502685
vn 0.654126 -0.565178 -0.502685
vn -0.921396 -0.207889 0.328347
vn -0.921396 -0.207889 0.328347
vn -0.921396 -0.207889 0.328347
vn 0.902412 0.219101 0.371009
vn 0.902412 0.219101 0.371009
vn 0.902412 0.219101 0.371009
vn 0.733904 0.567001 0.374025
vn 0.733904 0.567001 0.374025
vn 0.733904 0.567001 0.374025
vn -0.961340 -0.161738 0.222860
vn -0.961340 -0.161738 0.222860
vn -0.961340 -0.161738 0.222860
vn 0.934219 0.298429 0.195382
vn 0.934219 0.298429 0.195382
vn 0.934219 0.298429 0.195382
vn 0.289559 0.721868 -0.628540
vn 0.289559 0.721868 -0.628540
vn 0.289559 0.721868 -0.628540
vn -0.119531 -0.721159 -0.682380
vn -0.119531 -0.721159 -0.682380
vn -0.119531 -0.721159 -0.682380
vn 0.203006 0.278188 0.938829
vn 0.203006 0.278188 0.938829
vn 0.203006 0.278188 0.938829
vn 0.490330 -0.035938 -0.870795
vn 0.490330 -0.035938 -0.870795
vn 0.490330 -0.035938 -0.870795
vn 0.907473 0.327821 -0.262729
vn 0.907473 0.327821 -0.262729
vn 0.907473 0.327821 -0.262729
vn 0.622348 0.349152 0.700554
vn 0.622348 0.349152 0.700554
vn 0.622348 0.349152 0.700554
vn -0.143645 -0.669344 -0.728934
vn -0.143645 -0.669344 -0.728934
vn -0.143645 -0.669344 -0.728934
vn 0.016998 -0.481517 -0.876272
vn 0.016998 -0.481517 -0.876272
vn 0.016998 -0.481517 -0.876272
vn -0.286862 -0.349608 0.891899
vn -0.286862 -0.349608 0.891899
vn -0.286862 -0.349608 0.891899
vn 0.784282 0.424462 -0.452475
vn 0.784282 0.424462 -0.452475
vn 0.784282 0.424462 -0.452475
vn 0.702489 0.406110 0.584451
vn 0.702489 0.406110 0.584451
vn 0.702489 0.406110 0.584451
vn -0.283832 0.826826 -0.485590
vn -0.283832 0.826826 -0.485590
vn -0.283832 0.826826 -0.485590
vn 0.424004 -0.409005 -0.808044
vn 0.424004 -0.409005 -0.808044
vn 0.424004 -0.409005 -0.808044
vn 0.093139 0.068337 -0.993305
vn 0.093139 0.068337 -0.993305
vn 0.093139 0.068337 -0.993305
vn 0.937661 -0.075020 0.339359
vn 0.937661 -0.075020 0.339359
vn 0.937661 -0.075020 0.339359
vn -0.964788 -0.224034 0.137817
vn -0.964788 -0.224034 0.137817
vn -0.964788 -0.224034 0.137817
vn -0.727168 -0.229143 -0.647087
vn -0.727168 -0.229143 -0.647087
vn -0.727168 -0.229143 -0.647087
vn 0.421476 0.261937 -0.868186
vn 0.421476 0.261937 -0.868186
vn 0.421476 0.261937 -0.868186
vn 0.246565 0.019121 0.968938
vn 0.246565 0.019121 0.968938
vn 0.246565 0.019121 0.968938
vn -0.390468 0.328781 -0.859906
vn -0.390468 0.328781 -0.859906
vn -0.390468 0.328781 -0.859906
vn -0.517880 -0.190199 0.834041
vn -0.517880 -0.190199 0.834041
vn -0.517880 -0.190199 0.834041
vn 0.791380 -0.023448 -0.610875
vn 0.791380 -0.023448 -0.610875
vn 0.791380 -0.023448 -0.610875
vn -0.851440 -0.421935 -0.311482
vn -0.851440 -0.421935 -0.311482
vn -0.851440 -0.421935 -0.311482
vn 0.795462 0.070716 0.601864
vn 0.795462 0.070716 0.601864
vn 0.795462 0.070716 0.601864
vn 0.926825 -0.006804 0.375431
vn 0.926825 -0.006804 0.375431
vn 0.926825 -0.006804 0.375431
vn 0.208840 -0.331296 -0.920124
vn 0.208840 -0.331296 -0.920124
vn 0.208840 -0.331296 -0.920124
vn -0.529871 -0.016754 0.847913
vn -0.529871 -0.016754 0.847913
vn -0.529871 -0.016754 0.847913
vn 0.714318 0.060405 0.697209
vn 0.714318 0.060405 0.697209
vn 0.714318 0.060405 0.697209
vn 0.894935 -0.442814 0.054835
vn 0.894935 -0.442814 0.054835
vn 0.894935 -0.442814 0.054835
vn -0.143788 -0.197461 0.969708
vn -0.143788 -0.197461 0.969708
vn -0.143788 -0.197461 0.969708
vn -0.403524 0.150008 -0.902588
vn -0.403524 0.150008 -0.902588
vn -0.403524 0.150008 -0.902588
vn 0.507158 0.013814 -0.861742
vn 0.507158 0.013814 -0.861742
vn 0.507158 0.013814 -0.861742
vn -0.904643 -0.028934 0.425187
vn -0.904643 -0.028934 0.425187
vn -0.904643 -0.028934 0.425187
vn 0.801381 0.386483 -0.456530
vn 0.801381 0.386483 -0.456530
vn 0.801381 0.386483 -0.456530
vn -0.829148 -0.284772 -0.481060
vn -0.829148 -0.284772 -0.481060
vn -0.829148 -0.284772 -0.481060
vn -0.083110 -0.254185 -0.963578
vn -0.083110 -0.254185 -0.963578
vn -0.083110 -0.254185 -0.963578
vn 0.759621 -0.122646 0.638697
vn 0.759621 -0.122646 0.638697
vn 0.759621 -0.122646 0.638697
vn -0.419596 -0.041622 0.906756
vn -0.419596 -0.041622 0.906756
vn -0.419596 -0.041622 0.906756
vn -0.188869 -0.135296 0.972637
vn -0.188869 -0.135296 0.972637
vn -0.188869 -0.135296 0.972637
vn 0.910288 -0.396737 -0.118219
vn 0.910288 -0.396737 -0.118219
vn 0.910288 -0.396737 -0.118219
vn -0.924404 0.027609 -0.380414
vn -0.924404 0.027609 -0.380414
vn -0.924404 0.027609 -0.380414
vn 0.324251 -0.210234 0.922314
vn 0.324251 -0.210234 0.922314
vn 0.324251 -0.210234 0.922314
vn 0.096843 0.259271 0.960937
vn 0.096843 0.259271 0.960937
vn 0.096843 0.259271 0.960937
vn -0.240385 0.411774 -0.879009
vn -0.240385 0.411774 -0.879009
vn -0.240385 0.411774 -0.879009
vn -0.095106 0.513342 -0.852898
vn -0.095106 0.513342 -0.852898
vn -0.095106 0.513342 -0.852898
vn 0.306197 -0.307068 0.901084
vn 0.306197 -0.307068 0.901084
vn 0.306197 -0.307068 0.901084
vn 0.127404 0.643506 0.754764
vn 0.127404 0.643506 0.754764
vn 0.127404 0.643506 0.754764
vn 0.476114 -0.478031 0.738107
vn 0.476114 -0.478031 0.738107
vn 0.476114 -0.478031 0.738107
vn -0.216487 0.211671 -0.953063
vn -0.216487 0.211671 -0.953063
vn -0.216487 0.211671 -0.953063
vn -0.380163 -0.114465 0.917809
vn -0.380163 -0.114465 0.917809
vn -0.380163 -0.114465 0.917809
vn -0.937500 0.049403 0.344461
vn -0.937500 0.049403 0.344461
vn -0.937500 0.049403 0.344461
vn -0.768310 0.000993 -0.640077
vn -0.768310 0.000993 -0.640077
vn -0.768310 0.000993 -0.640077
vn 0.278219 -0.308606 0.909591
vn 0.278219 -0.308606 0.909591
vn 0.278219 -0.308606 0.909591
vn 0.478660 -0.422707 0.769548
vn 0.478660 -0.422707 0.769548
vn 0.478660 -0.422707 0.769548
vn 0.333108 -0.354323 -0.873782
vn 0.333108 -0.354323 -0.873782
vn 0.333108 -0.354323 -0.873782
vn -0.895400 0.141383 0.422219
vn -0.895400 0.141383 0.422219
vn -0.895400 0.141383 0.422219
vn 0.255278 0.389089 0.885123
vn 0.255278 0.389089 0.885123
vn 0.255278 0.389089 0.885123
vn 0.247858 -0.416309 0.874788
vn 0.247858 -0.416309 0.874788
vn 0.247858 -0.416309 0.874788
vn 0.773982 -0.326140 -0.542757
vn 0.773982 -0.326140 -0.542757
vn 0.773982 -0.326140 -0.542757
vn -0.962353 0.102566 0.251708
vn -0.962353 0.102566 0.251708
vn -0.962353 0.102566 0.251708
vn 0.938715 -0.069038 0.337710
vn 0.938715 -0.069038 0.337710
vn 0.938715 -0.069038 0.337710
vn 0.369259 0.011708 0.929253
vn 0.369259 0.011708 0.929253
vn 0.369259 0.011708 0.929253
vn -0.650017 -0.135884 0.747672
vn -0.650017 -0.135884 0.747672
vn -0.650017 -0.135884 0.747672
vn 0.931800 -0.183758 -0.313020
vn 0.931800 -0.183758 -0.313020
vn 0.931800 -0.183758 -0.313020
vn 0.798859 -0.278729 -0.533043
vn 0.798859 -0.278729 -0.533043
vn 0.798859 -0.278729 -0.533043
vn -0.811760 -0.392823 -0.432129
vn -0.811760 -0.392823 -0.432129
vn -0.811760 -0.392823 -0.432129
vn 0.424550 0.086918 0.901223
vn 0.424550 0.086918 0.901223
vn 0.424550 0.086918 0.901223
vn 0.963963 -0.255741 -0.073291
vn 0.963963 -0.255741 -0.073291
vn 0.963963 -0.255741 -0.073291
vn -0.823909 0.562711 -0.067302
vn -0.823909 0.562711 -0.067302
vn -0.823909 0.562711 -0.067302
vn -0.108835 -0.266663 -0.957625
vn -0.108835 -0.266663 -0.957625
vn -0.108835 -0.266663 -0.957625
vn 0.459689 0.886454 0.053718
vn 0.459689 0.886454 0.053718
vn 0.459689 0.886454 0.053718
vn 0.770072 0.082557 -0.632593
vn 0.770072 0.082557 -0.632593
vn 0.770072 0.082557 -0.632593
vn -0.873393 0.402343 -0.274418
vn -0.873393 0.402343 -0.274418
vn -0.873393 0.402343 -0.274418
vn -0.074592 -0.736617 -0.672184
vn -0.074592 -0.736617 -0.672184
vn -0.074592 -0.736617 -0.672184
vn -0.987574 -0.150423 -0.045503
vn -0.987574 -0.150423 -0.045503
vn -0.987574 -0.150423 -0.045503
vn 0.940204 0.308613 -0.144136
vn 0.940204 0.308613 -0.144136
vn 0.940204 0.308613 -0.144136
vn -0.457090 0.868079 0.193668
vn -0.457090 0.868079 0.193668
vn -0.457090 0.868079 0.193668
vn 0.281632 0.108674 0.953349
vn 0.281632 0.108674 0.953349
vn 0.281632 0.108674 0.953349
vn -0.467441 0.068953 -0.881331
vn -0.467441 0.068953 -0.881331
vn -0.467441 0.068953 -0.881331
vn -0.472216 -0.185770 0.861685
vn -0.472216 -0.185770 0.861685
vn -0.472216 -0.185770 0.861685
vn 0.843857 0.201939 0.497117
vn 0.843857 0.201939 0.497117
vn 0.843857 0.201939 0.497117
vn -0.221031 -0.632825 0.742077
vn -0.221031 -0.632825 0.742077
vn -0.221031 -0.632825 0.742077
vn 0.531954 -0.188457 -0.825535
vn 0.531954 -0.188457 -0.825535
vn 0.531954 -0.188457 -0.825535
vn -0.349120 0.377040 -0.857879
vn -0.349120 0.377040 -0.857879
vn -0.349120 0.377040 -0.857879
vn 0.583164 0.346600 -0.734703
vn 0.583164 0.346600 -0.734703
vn 0.583164 0.346600 -0.734703
vn -0.932635 -0.147970 0.329086
vn -0.932635 -0.147970 0.329086
vn -0.932635 -0.147970 0.329086
vn -0.836443 -0.002151 -0.548050
vn -0.836443 -0.002151 -0.548050
vn -0.836443 -0.002151 -0.548050
vn -0.117426 0.035817 -0.992436
vn -0.117426 0.035817 -0.992436
vn -0.117426 0.035817 -0.992436
vn -0.239958 -0.569744 0.786010
vn -0.239958 -0.569744 0.786010
vn -0.239958 -0.569744 0.786010
vn -0.473992 -0.440276 0.762554
vn -0.473992 -0.440276 0.762554
vn -0.473992 -0.440276 0.762554
vn 0.817310 -0.309809 -0.485822
vn 0.817310 -0.309809 -0.485822
vn 0.817310 -0.309809 -0.485822
vn -0.942546 0.183379 -0.279249
vn -0.942546 0.183379 -0.279249
vn -0.942546 0.183379 -0.279249
vn 0.115762 0.133623 -0.984248
vn 0.115762 0.133623 -0.984248
vn 0.115762 0.133623 -0.984248
vn -0.739759 0.011869 -0.672767
vn -0.739759 0.011869 -0.672767
vn -0.739759 0.011869 -0.672767
vn -0.651207 0.156380 -0.742614
vn -0.651207 0.156380 -0.742614
vn -0.651207 0.156380 -0.742614
vn -0.737359 -0.423241 -0.526468
vn -0.737359 -0.423241 -0.526468
vn -0.737359 -0.423241 -0.526468
vn -0.380849 0.574711 -0.724335
vn -0.380849 0.574711 -0.724335
vn -0.380849 0.574711 -0.724335
vn -0.706003 -0.631860 0.319864
vn -0.706003 -0.631860 0.319864
vn -0.706003 -0.631860 0.319864
vn 0.354070 0.483476 -0.800553
vn 0.354070 0.483476 -0.800553
vn 0.354070 0.483476 -0.800553
vn 0.831459 0.061738 -0.552145
vn 0.831459 0.061738 -0.552145
vn 0.831459 0.061738 -0.552145
vn -0.935977 -0.022277 -0.351355
vn -0.935977 -0.022277 -0.351355
vn -0.935977 -0.022277 -0.351355
vn -0.315874 0.186773 -0.930236
vn -0.315874 0.186773 -0.930236
vn -0.315874 0.186773 -0.930236
vn 0.584322 0.175576 -0.792301
vn 0.584322 0.175576 -0.792301
vn 0.584322 0.175576 -0.792301
vn -0.744819 -0.570391 0.346264
vn -0.744819 -0.570391 0.346264
vn -0.744819 -0.570391 0.346264
vn -0.892470 -0.410767 0.186461
vn -0.892470 -0.410767 0.186461
vn -0.892470 -0.410767 0.186461
vn 0.898106 -0.388126 0.206796
vn 0.898106 -0.388126 0.206796
vn 0.898106 -0.388126 0.206796
vn -0.537465 0.349471 -0.767465
vn -0.537465 0.349471 -0.767465
vn -0.537465 0.349471 -0.767465
vn -0.543306 0.180820 0.819831
vn -0.543306 0.180820 0.819831
vn -0.543306 0.180820 0.819831
vn 0.584468 0.498244 0.640429
vn 0.584468 0.498244 0.640429
vn 0.584468 0.498244 0.640429
vn -0.726020 -0.477569 -0.494796
vn -0.726020 -0.477569 -0.494796
vn -0.726020 -0.477569 -0.494796
vn 0.566173 0.208942 0.797365
vn 0.566173 0.208942 0.797365
vn 0.566173 0.208942 0.797365
vn -0.008868 -0.116061 -0.993203
vn -0.008868 -0.116061 -0.993203
vn -0.008868 -0.116061 -0.993203
vn 0.722720 0.055302 -0.688925
vn 0.722720 0.055302 -0.688925
vn 0.722720 0.055302 -0.688925
vn 0.952238 -0.008591 0.305235
vn 0.952238 -0.008591 0.305235
vn 0.952238 -0.008591 0.305235
vn -0.601345 -0.304837 -0.738552
vn -0.601345 -0.304837 -0.738552
vn -0.601345 -0.304837 -0.738552
vn -0.736119 -0.425400 -0.526463
vn -0.736119 -0.425400 -0.526463
vn -0.736119 -0.425400 -0.526463
vn 0.019009 -0.355864 0.934344
vn 0.019009 -0.355864 0.934344
vn 0.019009 -0.355864 0.934344
vn 0.660698 0.143188 -0.736869
vn 0.660698 0.143188 -0.736869
vn 0.660698 0.143188 -0.736869
vn 0.868058 0.419897 -0.264882
vn 0.868058 0.419897 -0.264882
vn 0.868058 0.419897 -0.264882
vn 0.746283 -0.014432 0.665472
vn 0.746283 -0.014432 0.665472
vn 0.746283 -0.014432 0.665472
vn -0.515650 0.500971 0.695078
vn -0.515650 0.500971 0.695078
vn -0.515650 0.500971 0.695078
vn -0.625963 -0.476806 0.617111
vn -0.625963 -0.476806 0.617111
vn -0.625963 -0.476806 0.617111
vn 0.894404 0.208709 -0.395577
vn 0.894404 0.208709 -0.395577
vn 0.894404 0.208709 -0.395577
vn -0.975100 -0.115019 -0.189606
vn -0.975100 -0.115019 -0.189606
vn -0.975100 -0.115019 -0.189606
vn -0.530241 0.055700 -0.846015
vn -0.530241 0.055700 -0.846015
vn -0.530241 0.055700 -0.846015
vn 0.478012 -0.005468 -0.878336
vn 0.478012 -0.005468 -0.878336
vn 0.478012 -0.005468 -0.878336
vn -0.840830 -0.300876 0.449976
vn -0.840830 -0.300876 0.449976
vn -0.840830 -0.300876 0.449976
vn -0.657626 -0.423793 0.622839
vn -0.657626 -0.423793 0.622839
vn -0.657626 -0.423793 0.622839
vn 0.919694 -0.354508 0.168781
vn 0.919694 -0.354508 0.168781
vn 0.919694 -0.354508 0.168781
vn -0.588223 0.141464 -0.796230
vn -0.588223 0.141464 -0.796230
vn -0.588223 0.141464 -0.796230
vn 0.558529 0.603075 -0.569513
vn 0.558529 0.603075 -0.569513
vn 0.558529 0.603075 -0.569513
vn 0.505566 0.722044 -0.472288
vn 0.505566 0.722044 -0.472288
vn 0.505566 0.722044 -0.472288
vn -0.256096 0.419828 -0.870723
vn -0.256096 0.419828 -0.870723
vn -0.256096 0.419828 -0.870723
vn -0.609616 0.694421 -0.382293
vn -0.609616 0.694421 -0.382293
vn -0.609616 0.694421 -0.382293
vn -0.415101 0.903703 0.104942
vn -0.415101 0.903703 0.104942
vn -0.415101 0.903703 0.104942
vn -0.781852 0.213736 -0.585682
vn -0.781852 0.213736 -0.585682
vn -0.781852 0.213736 -0.585682
vn -0.379755 0.160249 0.911102
vn -0.379755 0.160249 0.911102
vn -0.379755 0.160249 0.911102
vn -0.920500 -0.043555 -0.388307
vn -0.920500 -0.043555 -0.388307
vn -0.920500 -0.043555 -0.388307
vn -0.763405 0.580582 0.283085
vn -0.763405 0.580582 0.283085
vn -0.763405 0.580582 0.283085
vn -0.864785 -0.283249 0.414629
vn -0.864785 -0.283249 0.414629
vn -0.864785 -0.283249 0.414629
vn 0.889405 -0.444494 -0.106699
vn 0.889405 -0.444494 -0.106699
vn 0.889405 -0.444494 -0.106699
vn 0.870650 0.458390 -0.178460
vn 0.870650 0.458390 -0.178460
vn 0.870650 0.458390 -0.178460
vn -0.291389 0.043492 0.955615
vn -0.291389 0.043492 0.955615
vn -0.291389 0.043492 0.955615
vn -0.399991 -0.096761 0.911397
vn -0.399991 -0.096761 0.911397
vn -0.399991 -0.096761 0.911397
vn 0.261681 -0.442169 0.857910
vn 0.261681 -0.442169 0.857910
vn 0.261681 -0.442169 0.857910
vn 0.462920 -0.222486 0.858024
vn 0.462920 -0.222486 0.858024
vn 0.462920 -0.222486 0.858024
vn 0.490145 0.315809 0.812418
vn 0.490145 0.315809 0.812418
vn 0.490145 0.315809 0.812418
vn -0.503146 -0.839110 0.206735
vn -0.503146 -0.839110 0.206735
vn -0.503146 -0.839110 0.206735
vn 0.263004 0.873879 0.408857
vn 0.263004 0.873879 0.408857
vn 0.263004 0.873879 0.408857
vn 0.887390 -0.129082 -0.442580
vn 0.887390 -0.129082 -0.442580
vn 0.887390 -0.129082 -0.442580
vn 0.916540 0.169832 0.362094
vn 0.916540 0.169832 0.362094
vn 0.916540 0.169832 0.362094
vn 0.178930 0.760048 0.624749
vn 0.178930 0.760048 0.624749
vn 0.178930 0.760048 0.624749
vn 0.664779 0.742065 0.086073
vn 0.664779 0.742065 0.086073
vn 0.664779 0.742065 0.086073
vn -0.419023 0.843075 0.337112
vn -0.419023 0.843075 0.337112
vn -0.419023 0.843075 0.337112
vn 0.239088 0.968571 0.068610
vn 0.239088 0.968571 0.068610
vn 0.239088 0.968571 0.068610
vn 0.328764 0.693044 -0.641564
vn 0.328764 0.693044 -0.641564
vn 0.328764 0.693044 -0.641564
vn -0.246442 0.629139 -0.737191
vn -0.246442 0.629139 -0.737191
vn -0.246442 0.629139 -0.737191
vn -0.600823 0.706602 -0.373799
vn -0.600823 0.706602 -0.373799
vn -0.600823 0.706602 -0.373799
vn -0.934116 -0.355186 0.035638
vn -0.934116 -0.355186 0.035638
vn -0.934116 -0.355186 0.035638
vn -0.796875 0.183314 -0.575661
vn -0.796875 0.183314 -0.575661
vn -0.796875 0.183314 -0.575661
vn 0.309775 -0.321760 0.894712
vn 0.309775 -0.321760 0.894712
vn 0.309775 -0.321760 0.894712
vn -0.893578 -0.431163 0.124969
vn -0.893578 -0.431163 0.124969
vn -0.893578 -0.431163 0.124969
vn 0.668180 -0.667124 0.329365
vn 0.668180 -0.667124 0.329365
vn 0.668180 -0.667124 0.329365
vn -0.864782 -0.497252 0.069949
vn -0.864782 -0.497252 0.069949
vn -0.864782 -0.497252 0.069949
vn -0.441685 -0.572240 0.690982
vn -0.441685 -0.572240 0.690982
vn -0.441685 -0.572240 0.690982
vn -0.431116 -0.274293 0.859594
vn -0.431116 -0.274293 0.859594
vn -0.431116 -0.274293 0.859594
vn 0.172195 -0.433236 0.884678
vn 0.172195 -0.433236 0.884678
vn 0.172195 -0.433236 0.884678
vn -0.255323 -0.480353 -0.839090
vn -0.255323 -0.480353 -0.839090
vn -0.255323 -0.480353 -0.839090
vn 0.656974 0.697139 0.287023
vn 0.656974 0.697139 0.287023
vn 0.656974 0.697139 0.287023
vn 0.840357 0.175681 0.512772
vn 0.840357 0.175681 0.512772
vn 0.840357 0.175681 0.512772
vn 0.038722 0.332908 0.942164
vn 0.038722 0.332908 0.942164
vn 0.038722 0.332908 0.942164
vn -0.616658 -0.561393 -0.551879
vn -0.616658 -0.561393 -0.551879
vn -0.616658 -0.561393 -0.551879
vn -0.002187 -0.064055 -0.997944
vn -0.002187 -0.064055 -0.997944
vn -0.002187 -0.064055 -0.997944
vn -0.484104 0.843313 -0.233380
vn -0.484104 0.843313 -0.233380
vn -0.484104 0.843313 -0.233380
vn -0.010528 0.881596 -0.471888
vn -0.010528 0.881596 -0.471888
vn -0.010528 0.881596 -0.471888
vn -0.101947 0.852956 -0.511931
vn -0.101947 0.852956 -0.511931
vn -0.101947 0.852956 -0.511931
vn -0.562319 0.793045 0.234259
vn -0.562319 0.793045 0.234259
vn -0.562319 0.793045 0.234259
vn 0.507766 0.688039 0.518436
vn 0.507766 0.688039 0.518436
vn 0.507766 0.688039 0.518436
vn -0.047774 0.765947 0.641126
vn -0.047774 0.765947 0.641126
vn -0.047774 0.765947 0.641126
vn -0.382896 0.561791 0.733336
vn -0.382896 0.561791 0.733336
vn -0.382896 0.561791 0.733336
vn -0.296506 0.034372 0.954412
vn -0.296506 0.034372 0.954412
vn -0.296506 0.034372 0.954412
vn 0.858271 -0.341029 0.383498
vn 0.858271 -0.341029 0.383498
vn 0.858271 -0.341029 0.383498
vn 0.558766 0.176775 0.810266
vn 0.558766 0.176775 0.810266
vn 0.558766 0.176775 0.810266
vn 0.878108 0.086077 0.470656
vn 0.878108 0.086077 0.470656
vn 0.878108 0.086077 0.470656
vn 0.977757 -0.068322 -0.198304
vn 0.977757 -0.068322 -0.198304
vn 0.977757 -0.068322 -0.198304
vn 0.419790 0.905288 -0.065042
vn 0.419790 0.905288 -0.065042
vn 0.419790 0.905288 -0.065042
vn 0.970796 0.231032 -0.064647
vn 0.970796 0.231032 -0.064647
vn 0.970796 0.231032 -0.064647
vn -0.163663 -0.756078 0.633688
vn -0.163663 -0.756078 0.633688
vn -0.163663 -0.756078 0.633688
vn 0.294489 -0.922980 -0.247757
vn 0.294489 -0.922980 -0.247757
vn 0.294489 -0.922980 -0.247757
vn 0.736850 0.675420 -0.029320
vn 0.736850 0.675420 -0.029320
vn 0.736850 0.675420 -0.029320
vn 0.525026 -0.681445 -0.509883
vn 0.525026 -0.681445 -0.509883
vn 0.525026 -0.681445 -0.509883
vn 0.065700 -0.606719 -0.792197
vn 0.065700 -0.606719 -0.792197
vn 0.065700 -0.606719 -0.792197
vn -0.213686 -0.818277 0.533630
vn -0.213686 -0.818277 0.533630
vn -0.213686 -0.818277 0.533630
vn -0.371540 0.180687 -0.910665
vn -0.371540 0.180687 -0.910665
vn -0.371540 0.180687 -0.910665
vn 0.486917 -0.039826 -0.872540
vn 0.486917 -0.039826 -0.872540
vn 0.486917 -0.039826 -0.872540
vn 0.916844 -0.179354 -0.356692
vn 0.916844 -0.179354 -0.356692
vn 0.916844 -0.179354 -0.356692
vn -0.405742 0.846491 0.344712
vn -0.405742 0.846491 0.344712
vn -0.405742 0.846491 0.344712
vn -0.387556 0.888912 0.244205
vn -0.387556 0.888912 0.244205
vn -0.387556 0.888912 0.244205
vn -0.344777 0.673035 -0.654334
vn -0.344777 0.673035 -0.654334
vn -0.344777 0.673035 -0.654334
vn -0.367420 0.606823 -0.704817
vn -0.367420 0.606823 -0.704817
vn -0.367420 0.606823 -0.704817
vn 0.121496 -0.175158 -0.977015
vn 0.121496 -0.175158 -0.977015
vn 0.121496 -0.175158 -0.977015
vn 0.213711 0.234565 -0.948318
vn 0.213711 0.234565 -0.948318
vn 0.213711 0.234565 -0.948318
vn 0.614369 0.256376 -0.746205
vn 0.614369 0.256376 -0.746205
vn 0.614369 0.256376 -0.746205
vn 0.395974 0.746967 -0.534084
vn 0.395974 0.746967 -0.534084
vn 0.395974 0.746967 -0.534084
vn -0.303781 0.404507 -0.862607
vn -0.303781 0.404507 -0.862607
vn -0.303781 0.404507 -0.862607
vn 0.299935 0.603137 -0.739097
vn 0.299935 0.603137 -0.739097
vn 0.299935 0.603137 -0.739097
vn -0.457743 0.119812 -0.880975
vn -0.457743 0.119812 -0.880975
vn -0.457743 0.119812 -0.880975
vn -0.390899 -0.855698 -0.339085
vn -0.390899 -0.855698 -0.339085
vn -0.390899 -0.855698 -0.339085
vn -0.688489 -0.566221 -0.453185
vn -0.688489 -0.566221 -0.453185
vn -0.688489 -0.566221 -0.453185
vn -0.737346 -0.671715 0.071560
vn -0.737346 -0.671715 0.071560
vn -0.737346 -0.671715 0.071560
vn 0.467185 -0.803060 0.369909
vn 0.467185 -0.803060 0.369909
vn 0.467185 -0.803060 0.369909
vn -0.753649 0.124994 0.645283
vn -0.753649 0.124994 0.645283
vn -0.753649 0.124994 0.645283
vn -0.970277 0.088644 -0.225179
vn -0.970277 0.088644 -0.225179
vn -0.970277 0.088644 -0.225179
vn -0.602734 0.005472 -0.797923
vn -0.602734 0.005472 -0.797923
vn -0.602734 0.005472 -0.797923
vn 0.597829 -0.791766 -0.125330
vn 0.597829 -0.791766 -0.125330
vn 0.597829 -0.791766 -0.125330
vn 0.849080 0.492702 0.190544
vn 0.849080 0.492702 0.190544
vn 0.849080 0.492702 0.190544
vn 0.671090 0.738372 -0.066672
vn 0.671090 0.738372 -0.066672
vn 0.671090 0.738372 -0.066672
vn 0.440429 0.705736 0.554941
vn 0.440429 0.705736 0.554941
vn 0.440429 0.705736 0.554941
vn 0.999438 -0.026756 -0.020219
vn 0.999438 -0.026756 -0.020219
vn 0.999438 -0.026756 -0.020219
vn -0.041280 0.707049 0.705959
vn -0.041280 0.707049 0.705959
vn -0.041280 0.707049 0.705959
vn -0.063982 0.801717 0.594269
vn -0.063982 0.801717 0.594269
vn -0.063982 0.801717 0.594269
vn 0.781061 0.455476 0.427184
vn 0.781061 0.455476 0.427184
vn 0.781061 0.455476 0.427184
vn 0.726714 0.660542 -0.188603
vn 0.726714 0.660542 -0.188603
vn 0.726714 0.660542 -0.188603
vn 0.308046 0.844354 -0.438377
vn 0.308046 0.844354 -0.438377
vn 0.308046 0.844354 -0.438377
vn -0.402554 0.100982 -0.909809
vn -0.402554 0.100982 -0.909809
vn -0.402554 0.100982 -0.909809
vn 0.967376 -0.075549 -0.241820
vn 0.967376 -0.075549 -0.241820
vn 0.967376 -0.075549 -0.241820
vn 0.287266 0.462158 -0.838980
vn 0.287266 0.462158 -0.838980
vn 0.287266 0.462158 -0.838980
vn -0.154847 0.525182 -0.836783
vn -0.154847 0.525182 -0.836783
vn -0.154847 0.525182 -0.836783
vn -0.370423 -0.236288 -0.898307
vn -0.370423 -0.236288 -0.898307
vn -0.370423 -0.236288 -0.898307
vn -0.762971 0.433469 -0.479562
vn -0.762971 0.433469 -0.479562
vn -0.762971 0.433469 -0.479562
vn -0.596893 -0.241376 -0.765151
vn -0.596893 -0.241376 -0.765151
vn -0.596893 -0.241376 -0.765151
vn -0.552838 0.695413 -0.459098
vn -0.552838 0.695413 -0.459098
vn -0.552838 0.695413 -0.459098
vn -0.653231 -0.693583 -0.303695
vn -0.653231 -0.693583 -0.303695
vn -0.653231 -0.693583 -0.303695
vn -0.927289 -0.332585 -0.171822
vn -0.927289 -0.332585 -0.171822
vn -0.927289 -0.332585 -0.171822
vn -0.343149 -0.728927 0.592380
vn -0.343149 -0.728927 0.592380
vn -0.343149 -0.728927 0.592380
vn -0.371755 -0.925747 -0.069215
vn -0.371755 -0.925747 -0.069215
vn -0.371755 -0.925747 -0.069215
vn -0.391168 0.023505 0.920019
vn -0.391168 0.023505 0.920019
vn -0.391168 0.023505 0.920019
vn -0.927865 0.238298 0.286847
vn -0.927865 0.238298 0.286847
vn -0.927865 0.238298 0.286847
vn -0.886695 0.293701 -0.357088
vn -0.886695 0.293701 -0.357088
vn -0.886695 0.293701 -0.357088
vn 0.281895 -0.684801 -0.671999
vn 0.281895 -0.684801 -0.671999
vn 0.281895 -0.684801 -0.671999
vn -0.197017 0.688747 -0.697719
vn -0.197017 0.688747 -0.697719
vn -0.197017 0.688747 -0.697719
vn -0.306868 0.944254 -0.119233
vn -0.306868 0.944254 -0.119233
vn -0.306868 0.944254 -0.119233
vn -0.072588 0.993130 -0.091781
vn -0.072588 0.993130 -0.091781
vn -0.072588 0.993130 -0.091781
vn 0.802096 -0.536360 -0.262601
vn 0.802096 -0.536360 -0.262601
vn 0.802096 -0.536360 -0.262601
vn 0.971799 -0.134708 -0.193549
vn 0.971799 -0.134708 -0.193549
vn 0.971799 -0.134708 -0.193549
vn 0.984395 0.013543 0.175454
vn 0.984395 0.013543 0.175454
vn 0.984395 0.013543 0.175454
vn 0.881534 0.468152 -0.061080
vn 0.881534 0.468152 -0.061080
vn 0.881534 0.468152 -0.061080
vn 0.757170 -0.070491 -0.649403
vn 0.757170 -0.070491 -0.649403
vn 0.757170 -0.070491 -0.649403
vn 0.603642 0.207528 -0.769772
vn 0.603642 0.207528 -0.769772
vn 0.603642 0.207528 -0.769772
vn -0.196567 0.002311 -0.980488
vn -0.196567 0.002311 -0.980488
vn -0.196567 0.002311 -0.980488
vn 0.321868 -0.554167 -0.767659
vn 0.321868 -0.554167 -0.767659
vn 0.321868 -0.554167 -0.767659
vn -0.066968 0.012815 -0.997673
vn -0.066968 0.012815 -0.997673
vn -0.066968 0.012815 -0.997673
vn -0.166823 -0.443355 -0.880685
vn -0.166823 -0.443355 -0.880685
vn -0.166823 -0.443355 -0.880685
vn 0.579422 -0.432229 -0.690977
vn 0.579422 -0.432229 -0.690977
vn 0.579422 -0.432229 -0.690977
vn -0.082761 -0.842844 -0.531756
vn -0.082761 -0.842844 -0.531756
vn -0.082761 -0.842844 -0.531756
vn -0.112916 -0.959326 -0.258735
vn -0.112916 -0.959326 -0.258735
vn -0.112916 -0.959326 -0.258735
vn 0.444815 -0.887725 0.118679
vn 0.444815 -0.887725 0.118679
vn 0.444815 -0.887725 0.118679
vn 0.566974 -0.577783 0.587117
vn 0.566974 -0.577783 0.587117
vn 0.566974 -0.577783 0.587117
vn -0.134504 -0.544326 -0.828020
vn -0.134504 -0.544326 -0.828020
vn -0.134504 -0.544326 -0.828020
vn -0.426044 -0.450313 -0.784669
vn -0.426044 -0.450313 -0.784669
vn -0.426044 -0.450313 -0.784669
vn -0.348480 0.604489 -0.716349
vn -0.348480 0.604489 -0.716349
vn -0.348480 0.604489 -0.716349
vn -0.257879 0.157505 -0.953253
vn -0.257879 0.157505 -0.953253
vn -0.257879 0.157505 -0.953253
vn 0.370909 0.564374 0.737502
vn 0.370909 0.564374 0.737502
vn 0.370909 0.564374 0.737502
vn 0.580437 0.688352 0.435046
vn 0.580437 0.688352 0.435046
vn 0.580437 0.688352 0.435046
vn -0.026341 0.879957 0.474322
vn -0.026341 0.879957 0.474322
vn -0.026341 0.879957 0.474322
vn 0.442703 0.078811 0.893198
vn 0.442703 0.078811 0.893198
vn 0.442703 0.078811 0.893198
vn -0.739856 0.559207 -0.374033
vn -0.739856 0.559207 -0.374033
vn -0.739856 0.559207 -0.374033
vn 0.587842 0.336124 -0.735841
vn 0.587842 0.336124 -0.735841
vn 0.587842 0.336124 -0.735841
vn -0.491717 0.859831 0.137497
vn -0.491717 0.859831 0.137497
vn -0.491717 0.859831 0.137497
vn -0.313820 0.949469 0.005114
vn -0.313820 0.949469 0.005114
vn -0.313820 0.949469 0.005114
vn 0.520235 -0.423156 -0.741819
vn 0.520235 -0.423156 -0.741819
vn 0.520235 -0.423156 -0.741819
vn 0.608651 0.007307 -0.793404
vn 0.608651 0.007307 -0.793404
vn 0.608651 0.007307 -0.793404
vn 0.829338 0.198425 -0.522328
vn 0.829338 0.198425 -0.522328
vn 0.829338 0.198425 -0.522328
vn 0.507156 0.600192 -0.618516
vn 0.507156 0.600192 -0.618516
vn 0.507156 0.600192 -0.618516
vn 0.140005 -0.019619 -0.989956
vn 0.140005 -0.019619 -0.989956
vn 0.140005 -0.019619 -0.989956
vn -0.107349 0.213715 -0.970980
vn -0.107349 0.213715 -0.970980
vn -0.107349 0.213715 -0.970980
vn -0.785174 -0.145835 -0.601858
vn -0.785174 -0.145835 -0.601858
vn -0.785174 -0.145835 -0.601858
vn -0.157065 -0.579781 -0.799490
vn -0.157065 -0.579781 -0.799490
vn -0.157065 -0.579781 -0.799490
vn -0.704468 -0.116655 -0.700083
vn -0.704468 -0.116655 -0.700083
vn -0.704468 -0.116655 -0.700083
vn -0.607767 -0.566359 -0.556648
vn -0.607767 -0.566359 -0.556648
vn -0.607767 -0.566359 -0.556648
vn 0.056373 -0.408404 -0.911059
vn 0.056373 -0.408404 -0.911059
vn 0.056373 -0.408404 -0.911059
vn 0.512993 -0.857392 -0.041430
vn 0.512993 -0.857392 -0.041430
vn 0.512993 -0.857392 -0.041430
vn -0.238620 -0.901094 -0.362063
vn -0.238620 -0.901094 -0.362063
vn -0.238620 -0.901094 -0.362063
vn -0.058463 -0.988290 -0.140942
vn -0.058463 -0.988290 -0.140942
vn -0.058463 -0.988290 -0.140942
vn 0.581077 -0.781749 -0.226314
vn 0.581077 -0.781749 -0.226314
vn 0.581077 -0.781749 -0.226314
vn 0.913644 -0.403523 0.049239
vn 0.913644 -0.403523 0.049239
vn 0.913644 -0.403523 0.049239
vn -0.443078 -0.763566 -0.469732
vn -0.443078 -0.763566 -0.469732
vn -0.443078 -0.763566 -0.469732
vn -0.732581 -0.603973 -0.313914
vn -0.732581 -0.603973 -0.313914
vn -0.732581 -0.603973 -0.313914
vn -0.845217 0.448882 -0.290024
vn -0.845217 0.448882 -0.290024
vn -0.845217 0.448882 -0.290024
vn -0.843672 -0.001290 -0.536857
vn -0.843672 -0.001290 -0.536857
vn -0.843672 -0.001290 -0.536857
vn 0.636453 0.701506 0.320651
vn 0.636453 0.701506 0.320651
vn 0.636453 0.701506 0.320651
vn 0.566765 0.822902 -0.040122
vn 0.566765 0.822902 -0.040122
vn 0.566765 0.822902 -0.040122
vn 0.113379 0.911992 0.394228
vn 0.113379 0.911992 0.394228
vn 0.113379 0.911992 0.394228
vn 0.889041 0.258624 0.377782
vn 0.889041 0.258624 0.377782
vn 0.889041 0.258624 0.377782
vn -0.884432 0.441913 0.149977
vn -0.884432 0.441913 0.149977
vn -0.884432 0.441913 0.149977
vn -0.884102 0.225558 -0.409251
vn -0.884102 0.225558 -0.409251
vn -0.884102 0.225558 -0.409251
vn -0.405498 -0.748541 -0.524649
vn -0.405498 -0.748541 -0.524649
vn -0.405498 -0.748541 -0.524649
vn 0.056088 -0.392570 -0.918010
vn 0.056088 -0.392570 -0.918010
vn 0.056088 -0.392570 -0.918010
vn 0.019418 -0.014397 -0.999708
vn 0.019418 -0.014397 -0.999708
vn 0.019418 -0.014397 -0.999708
vn 0.401225 0.160893 -0.901738
vn 0.401225 0.160893 -0.901738
vn 0.401225 0.160893 -0.901738
vn 0.058802 0.650764 -0.757000
vn 0.058802 0.650764 -0.757000
vn 0.058802 0.650764 -0.757000
vn -0.478863 0.021699 -0.877621
vn -0.478863 0.021699 -0.877621
vn -0.478863 0.021699 -0.877621
vn -0.799800 -0.545122 0.251321
vn -0.799800 -0.545122 0.251321
vn -0.799800 -0.545122 0.251321
vn -0.552566 -0.337629 -0.762022
vn -0.552566 -0.337629 -0.762022
vn -0.552566 -0.337629 -0.762022
vn -0.158845 -0.985955 -0.051583
vn -0.158845 -0.985955 -0.051583
vn -0.158845 -0.985955 -0.051583
vn -0.676570 -0.709639 -0.196637
vn -0.676570 -0.709639 -0.196637
vn -0.676570 -0.709639 -0.196637
vn -0.981214 -0.165080 -0.099841
vn -0.981214 -0.165080 -0.099841
vn -0.981214 -0.165080 -0.099841
vn -0.933460 -0.334437 -0.129631
vn -0.933460 -0.334437 -0.129631
vn -0.933460 -0.334437 -0.129631
vn -0.677229 0.106763 0.727985
vn -0.677229 0.106763 0.727985
vn -0.677229 0.106763 0.727985
vn -0.754982 -0.572229 -0.320245
vn -0.754982 -0.572229 -0.320245
vn -0.754982 -0.572229 -0.320245
vn 0.784042 -0.619319 -0.041508
vn 0.784042 -0.619319 -0.041508
vn 0.784042 -0.619319 -0.041508
vn 0.623852 0.769844 -0.134717
vn 0.623852 0.769844 -0.134717
vn 0.623852 0.769844 -0.134717
vn 0.387567 0.850649 -0.355229
vn 0.387567 0.850649 -0.355229
vn 0.387567 0.850649 -0.355229
vn 0.258208 0.925167 0.278199
vn 0.258208 0.925167 0.278199
vn 0.258208 0.925167 0.278199
vn 0.942491 0.232059 -0.240539
vn 0.942491 0.232059 -0.240539
vn 0.942491 0.232059 -0.240539
vn -0.569628 0.443149 -0.692202
vn -0.569628 0.443149 -0.692202
vn -0.569628 0.443149 -0.692202
vn -0.354207 0.797500 -0.488396
vn -0.354207 0.797500 -0.488396
vn -0.354207 0.797500 -0.488396
vn 0.322334 0.920377 -0.221376
vn 0.322334 0.920377 -0.221376
vn 0.322334 0.920377 -0.221376
vn -0.831979 0.551827 0.057420
vn -0.831979 0.551827 0.057420
vn -0.831979 0.551827 0.057420
vn -0.481490 0.718245 0.502286
vn -0.481490 0.718245 0.502286
vn -0.481490 0.718245 0.502286
vn -0.043836 0.896547 0.440775
vn -0.043836 0.896547 0.440775
vn -0.043836 0.896547 0.440775
vn 0.778582 -0.062728 0.624400
vn 0.778582 -0.062728 0.624400
vn 0.778582 -0.062728 0.624400
vn -0.122582 0.340888 -0.932078
vn -0.122582 0.340888 -0.932078
vn -0.122582 0.340888 -0.932078
vn 0.103930 0.522716 0.846148
vn 0.103930 0.522716 0.846148
vn 0.103930 0.522716 0.846148
vn -0.698808 -0.587249 -0.408418
vn -0.698808 -0.587249 -0.408418
vn -0.698808 -0.587249 -0.408418
vn 0.766303 -0.064493 0.639235
vn 0.766303 -0.064493 0.639235
vn 0.766303 -0.064493 0.639235
vn 0.732407 -0.119972 0.670214
vn 0.732407 -0.119972 0.670214
vn 0.732407 -0.119972 0.670214
vn -0.748095 -0.659608 0.072602
vn -0.748095 -0.659608 0.072602
vn -0.748095 -0.659608 0.072602
vn 0.455651 -0.673567 -0.581970
vn 0.455651 -0.673567 -0.581970
vn 0.455651 -0.673567 -0.581970
vn 0.017047 -0.356522 0.934131
vn 0.017047 -0.356522 0.934131
vn 0.017047 -0.356522 0.934131
vn -0.117446 0.494397 -0.861266
vn -0.117446 0.494397 -0.861266
vn -0.117446 0.494397 -0.861266
vn -0.267906 -0.227058 -0.936307
vn -0.267906 -0.227058 -0.936307
vn -0.267906 -0.227058 -0.936307
vn 0.529181 0.259737 -0.807777
vn 0.529181 0.259737 -0.807777
vn 0.529181 0.259737 -0.807777
vn -0.610277 -0.678423 -0.409028
vn -0.610277 -0.678423 -0.409028
vn -0.610277 -0.678423 -0.409028
vn 0.181514 -0.176711 0.967381
vn 0.181514 -0.176711 0.967381
vn 0.181514 -0.176711 0.967381
vn -0.675737 0.135854 0.724516
vn -0.675737 0.135854 0.724516
vn -0.675737 0.135854 0.724516
vn -0.717554 0.272221 0.641102
vn -0.717554 0.272221 0.641102
vn -0.717554 0.272221 0.641102
vn -0.127401 0.952285 -0.277350
vn -0.127401 0.952285 -0.277350
vn -0.127401 0.952285 -0.277350
vn -0.095942 0.979761 -0.175683
vn -0.095942 0.979761 -0.175683
vn -0.095942 0.979761 -0.175683
vn 0.462478 0.702008 0.541570
vn 0.462478 0.702008 0.541570
vn 0.462478 0.702008 0.541570
vn 0.524123 0.647607 0.553082
vn 0.524123 0.647607 0.553082
vn 0.524123 0.647607 0.553082
vn 0.523207 -0.295078 0.799490
vn 0.523207 -0.295078 0.799490
vn 0.523207 -0.295078 0.799490
vn 0.312034 0.056461 0.948392
vn 0.312034 0.056461 0.948392
vn 0.312034 0.056461 0.948392
vn -0.137241 -0.062321 0.988575
vn -0.137241 -0.062321 0.988575
vn -0.137241 -0.062321 0.988575
vn -0.215593 0.496057 0.841099
vn -0.215593 0.496057 0.841099
vn -0.215593 0.496057 0.841099
vn 0.621866 0.421117 0.660259
vn 0.621866 0.421117 0.660259
vn 0.621866 0.421117 0.660259
vn -0.476300 -0.876074 -0.075046
vn -0.476300 -0.876074 -0.075046
vn -0.476300 -0.876074 -0.075046
vn 0.828511 0.212236 0.518194
vn 0.828511 0.212236 0.518194
vn 0.828511 0.212236 0.518194
vn 0.733244 -0.664664 -0.143438
vn 0.733244 -0.664664 -0.143438
vn 0.733244 -0.664664 -0.143438
vn 0.946295 -0.296970 -0.127809
vn 0.946295 -0.296970 -0.127809
vn 0.946295 -0.296970 -0.127809
vn 0.519401 -0.759571 -0.391503
vn 0.519401 -0.759571 -0.391503
vn 0.519401 -0.759571 -0.391503
vn 0.738813 -0.241248 -0.629250
vn 0.738813 -0.241248 -0.629250
vn 0.738813 -0.241248 -0.629250
vn -0.559793 0.784290 0.267432
vn -0.559793 0.784290 0.267432
vn -0.559793 0.784290 0.267432
vn 0.174969 0.462284 -0.869298
vn 0.174969 0.462284 -0.869298
vn 0.174969 0.462284 -0.869298
vn 0.858878 0.422888 -0.288953
vn 0.858878 0.422888 -0.288953
vn 0.858878 0.422888 -0.288953
vn 0.923935 0.166629 0.344353
vn 0.923935 0.166629 0.344353
vn 0.923935 0.166629 0.344353
vn -0.169778 -0.965301 0.198417
vn -0.169778 -0.965301 0.198417
vn -0.169778 -0.965301 0.198417
vn -0.909608 0.142679 0.390201
vn -0.909608 0.142679 0.390201
vn -0.909608 0.142679 0.390201
vn -0.702890 0.414512 0.578035
vn -0.702890 0.414512 0.578035
vn -0.702890 0.414512 0.578035
vn -0.856589 0.512233 -0.062224
vn -0.856589 0.512233 -0.062224
vn -0.856589 0.512233 -0.062224
vn -0.749549 -0.422757 0.509365
vn -0.749549 -0.422757 0.509365
vn -0.749549 -0.422757 0.509365
vn -0.623432 0.753078 -0.210253
vn -0.623432 0.753078 -0.210253
vn -0.623432 0.753078 -0.210253
vn -0.521383 0.812490 -0.260804
vn -0.521383 0.812490 -0.260804
vn -0.521383 0.812490 -0.260804
vn -0.601596 0.743976 0.290829
vn -0.601596 0.743976 0.290829
vn -0.601596 0.743976 0.290829
vn -0.305902 0.724827 0.617293
vn -0.305902 0.724827 0.617293
vn -0.305902 0.724827 0.617293
vn 0.327273 0.823508 0.463387
vn 0.327273 0.823508 0.463387
vn 0.327273 0.823508 0.463387
vn 0.562196 0.826903 -0.012922
vn 0.562196 0.826903 -0.012922
vn 0.562196 0.826903 -0.012922
vn 0.233080 0.568361 0.789075
vn 0.233080 0.568361 0.789075
vn 0.233080 0.568361 0.789075
vn 0.886781 -0.135035 -0.442023
vn 0.886781 -0.135035 -0.442023
vn 0.886781 -0.135035 -0.442023
vn 0.534631 0.117231 0.836915
vn 0.534631 0.117231 0.836915
vn 0.534631 0.117231 0.836915
vn 0.912667 0.398115 0.092433
vn 0.912667 0.398115 0.092433
vn 0.912667 0.398115 0.092433
vn 0.874195 0.326775 -0.359166
vn 0.874195 0.326775 -0.359166
vn 0.874195 0.326775 -0.359166
vn 0.823068 -0.460392 -0.332564
vn 0.823068 -0.460392 -0.332564
vn 0.823068 -0.460392 -0.332564
vn 0.465306 0.114426 -0.877723
vn 0.465306 0.114426 -0.877723
vn 0.465306 0.114426 -0.877723
vn 0.683848 -0.503932 -0.527640
vn 0.683848 -0.503932 -0.527640
vn 0.683848 -0.503932 -0.527640
vn 0.494227 0.417790 -0.762359
vn 0.494227 0.417790 -0.762359
vn 0.494227 0.417790 -0.762359
vn 0.174827 -0.884168 -0.433224
vn 0.174827 -0.884168 -0.433224
vn 0.174827 -0.884168 -0.433224
vn 0.064700 -0.623009 -0.779534
vn 0.064700 -0.623009 -0.779534
vn 0.064700 -0.623009 -0.779534
vn -0.280878 -0.891675 -0.354997
vn -0.280878 -0.891675 -0.354997
vn -0.280878 -0.891675 -0.354997
vn 0.106321 0.517338 0.849151
vn 0.106321 0.517338 0.849151
vn 0.106321 0.517338 0.849151
vn -0.956388 0.003384 -0.292078
vn -0.956388 0.003384 -0.292078
vn -0.956388 0.003384 -0.292078
vn -0.346791 -0.029386 -0.937482
vn -0.346791 -0.029386 -0.937482
vn -0.346791 -0.029386 -0.937482
vn 0.323717 -0.033589 -0.945558
vn 0.323717 -0.033589 -0.945558
vn 0.323717 -0.033589 -0.945558
vn 0.558352 -0.672946 0.485166
vn 0.558352 -0.672946 0.485166
vn 0.558352 -0.672946 0.485166
vn -0.117002 0.020996 0.992910
vn -0.117002 0.020996 0.992910
vn -0.117002 0.020996 0.992910
vn 0.254578 0.536879 0.804333
vn 0.254578 0.536879 0.804333
vn 0.254578 0.536879 0.804333
vn -0.409694 -0.139094 0.901556
vn -0.409694 -0.139094 0.901556
vn -0.409694 -0.139094 0.901556
vn -0.853459 -0.260748 -0.451241
vn -0.853459 -0.260748 -0.451241
vn -0.853459 -0.260748 -0.451241
vn -0.981754 0.047889 -0.184026
vn -0.981754 0.047889 -0.184026
vn -0.981754 0.047889 -0.184026
vn -0.741754 0.410992 -0.529988
vn -0.741754 0.410992 -0.529988
vn -0.741754 0.410992 -0.529988
vn -0.670873 0.741208 -0.023259
vn -0.670873 0.741208 -0.023259
vn -0.670873 0.741208 -0.023259
vn -0.956975 -0.016401 0.289706
vn -0.956975 -0.016401 0.289706
vn -0.956975 -0.016401 0.289706
vn -0.597185 -0.588811 0.544675
vn -0.597185 -0.588811 0.544675
vn -0.597185 -0.588811 0.544675
vn -0.425570 -0.521479 -0.739560
vn -0.425570 -0.521479 -0.739560
vn -0.425570 -0.521479 -0.739560
vn -0.351463 -0.927069 -0.130452
vn -0.351463 -0.927069 -0.130452
vn -0.351463 -0.927069 -0.130452
vn -0.502540 -0.855225 0.126661
vn -0.502540 -0.855225 0.126661
vn -0.502540 -0.855225 0.126661
vn -0.214786 -0.915347 0.340597
vn -0.214786 -0.915347 0.340597
vn -0.214786 -0.915347 0.340597
vn -0.205982 -0.619224 0.757716
vn -0.205982 -0.619224 0.757716
vn -0.205982 -0.619224 0.757716
vn -0.238209 -0.479662 0.844500
vn -0.238209 -0.479662 0.844500
vn -0.238209 -0.479662 0.844500
vn -0.175605 -0.070567 -0.981928
vn -0.175605 -0.070567 -0.981928
vn -0.175605 -0.070567 -0.981928
vn 0.232470 0.878018 -0.418380
vn 0.232470 0.878018 -0.418380
vn 0.232470 0.878018 -0.418380
vn -0.203226 0.969087 -0.139891
vn -0.203226 0.969087 -0.139891
vn -0.203226 0.969087 -0.139891
vn 0.347855 0.921510 0.172673
vn 0.347855 0.921510 0.172673
vn 0.347855 0.921510 0.172673
vn 0.254363 0.629632 -0.734073
vn 0.254363 0.629632 -0.734073
vn 0.254363 0.629632 -0.734073
vn 0.923720 0.307758 0.228094
vn 0.923720 0.307758 0.228094
vn 0.923720 0.307758 0.228094
vn -0.295622 0.396176 0.869283
vn -0.295622 0.396176 0.869283
vn -0.295622 0.396176 0.869283
vn 0.651878 0.148875 0.743567
vn 0.651878 0.148875 0.743567
vn 0.651878 0.148875 0.743567
vn -0.623375 0.285337 -0.728002
vn -0.623375 0.285337 -0.728002
vn -0.623375 0.285337 -0.728002
vn -0.503865 -0.293116 0.812529
vn -0.503865 -0.293116 0.812529
vn -0.503865 -0.293116 0.812529
vn -0.445800 0.087460 0.890850
vn -0.445800 0.087460 0.890850
vn -0.445800 0.087460 0.890850
vn -0.716330 0.301472 0.629274
vn -0.716330 0.301472 0.629274
vn -0.716330 0.301472 0.629274
vn -0.271768 0.724347 0.633611
vn -0.271768 0.724347 0.633611
vn -0.271768 0.724347 0.633611
vn 0.056556 0.046714 0.997306
vn 0.056556 0.046714 0.997306
vn 0.056556 0.046714 0.997306
vn 0.113603 -0.329361 0.937345
vn 0.113603 -0.329361 0.937345
vn 0.113603 -0.329361 0.937345
vn -0.039005 -0.987990 0.149513
vn -0.039005 -0.987990 0.149513
vn -0.039005 -0.987990 0.149513
vn 0.405206 -0.769880 0.493044
vn 0.405206 -0.769880 0.493044
vn 0.405206 -0.769880 0.493044
vn 0.808870 -0.277701 0.518277
vn 0.808870 -0.277701 0.518277
vn 0.808870 -0.277701 0.518277
vn 0.723897 -0.440952 0.530599
vn 0.723897 -0.440952 0.530599
vn 0.723897 -0.440952 0.530599
vn 0.927747 -0.052955 -0.369434
vn 0.927747 -0.052955 -0.369434
vn 0.927747 -0.052955 -0.369434
vn 0.444975 -0.632668 0.633820
vn 0.444975 -0.632668 0.633820
vn 0.444975 -0.632668 0.633820
vn -0.815650 -0.506006 -0.280488
vn -0.815650 -0.506006 -0.280488
vn -0.815650 -0.506006 -0.280488
vn -0.485328 0.859649 -0.159565
vn -0.485328 0.859649 -0.159565
vn -0.485328 0.859649 -0.159565
vn -0.360473 0.924477 0.124099
vn -0.360473 0.924477 0.124099
vn -0.360473 0.924477 0.124099
vn 0.037160 0.918486 -0.393704
vn 0.037160 0.918486 -0.393704
vn 0.037160 0.918486 -0.393704
vn -0.912727 0.365643 -0.182302
vn -0.912727 0.365643 -0.182302
vn -0.912727 0.365643 -0.182302
vn 0.656782 0.379433 0.651666
vn 0.656782 0.379433 0.651666
vn 0.656782 0.379433 0.651666
vn -0.870076 0.099342 0.482803
vn -0.870076 0.099342 0.482803
vn -0.870076 0.099342 0.482803
vn 0.111099 0.265644 0.957648
vn 0.111099 0.265644 0.957648
vn 0.111099 0.265644 0.957648
vn -0.902185 -0.223805 0.368745
vn -0.902185 -0.223805 0.368745
vn -0.902185 -0.223805 0.368745
vn -0.835835 0.095713 0.540572
vn -0.835835 0.095713 0.540572
vn -0.835835 0.095713 0.540572
vn -0.943597 0.325840 0.058756
vn -0.943597 0.325840 0.058756
vn -0.943597 0.325840 0.058756
vn -0.566645 0.788370 0.239555
vn -0.566645 0.788370 0.239555
vn -0.566645 0.788370 0.239555
vn -0.558980 0.149515 0.815590
vn -0.558980 0.149515 0.815590
vn -0.558980 0.149515 0.815590
vn -0.048212 -0.794076 -0.605903
vn -0.048212 -0.794076 -0.605903
vn -0.048212 -0.794076 -0.605903
vn -0.733508 -0.677285 -0.057022
vn -0.733508 -0.677285 -0.057022
vn -0.733508 -0.677285 -0.057022
vn -0.289884 -0.866328 0.406747
vn -0.289884 -0.866328 0.406747
vn -0.289884 -0.866328 0.406747
vn -0.135362 -0.543723 0.828277
vn -0.135362 -0.543723 0.828277
vn -0.135362 -0.543723 0.828277
vn 0.346225 -0.200895 0.916389
vn 0.346225 -0.200895 0.916389
vn 0.346225 -0.200895 0.916389
vn 0.264870 -0.355077 0.896529
vn 0.264870 -0.355077 0.896529
vn 0.264870 -0.355077 0.896529
vn 0.969900 -0.040464 0.240118
vn 0.969900 -0.040464 0.240118
vn 0.969900 -0.040464 0.240118
vn -0.130173 -0.615856 0.777030
vn -0.130173 -0.615856 0.777030
vn -0.130173 -0.615856 0.777030
vn -0.852780 -0.282919 -0.439003
vn -0.852780 -0.282919 -0.439003
vn -0.852780 -0.282919 -0.439003
vn -0.220861 0.738483 -0.637074
vn -0.220861 0.738483 -0.637074
vn -0.220861 0.738483 -0.637074
vn -0.314509 0.918299 -0.240441
vn -0.314509 0.918299 -0.240441
vn -0.314509 0.918299 -0.240441
vn 0.315014 0.860526 -0.400326
vn 0.315014 0.860526 -0.400326
vn 0.315014 0.860526 -0.400326
vn -0.465032 0.396112 -0.791733
vn -0.465032 0.396112 -0.791733
vn -0.465032 0.396112 -0.791733
vn 0.008777 0.722937 0.690859
vn 0.008777 0.722937 0.690859
vn 0.008777 0.722937 0.690859
vn -0.072312 0.766621 0.638015
vn -0.072312 0.766621 0.638015
vn -0.072312 0.766621 0.638015
vn -0.831041 0.546500 0.103485
vn -0.831041 0.546500 0.103485
vn -0.831041 0.546500 0.103485
vn -0.872994 0.480275 0.084959
vn -0.872994 0.480275 0.084959
vn -0.872994 0.480275 0.084959
vn -0.762658 -0.184394 -0.619961
vn -0.762658 -0.184394 -0.619961
vn -0.762658 -0.184394 -0.619961
vn -0.749771 0.249460 -0.612873
vn -0.749771 0.249460 -0.612873
vn -0.749771 0.249460 -0.612873
vn -0.365535 0.379485 -0.849926
vn -0.365535 0.379485 -0.849926
vn -0.365535 0.379485 -0.849926
vn -0.362349 0.813972 -0.454041
vn -0.362349 0.813972 -0.454041
vn -0.362349 0.813972 -0.454041
vn -0.952407 0.290766 -0.091524
vn -0.952407 0.290766 -0.091524
vn -0.952407 0.290766 -0.091524
vn -0.999231 -0.026504 -0.028895
vn -0.999231 -0.026504 -0.028895
vn -0.999231 -0.026504 -0.028895
vn -0.369095 -0.929221 -0.017817
vn -0.369095 -0.929221 -0.017817
vn -0.369095 -0.929221 -0.017817
vn -0.645278 -0.726662 0.235753
vn -0.645278 -0.726662 0.235753
vn -0.645278 -0.726662 0.235753
vn -0.235173 -0.782427 0.576630
vn -0.235173 -0.782427 0.576630
vn -0.235173 -0.782427 0.576630
vn 0.410382 0.178613 -0.894251
vn 0.410382 0.178613 -0.894251
vn 0.410382 0.178613 -0.894251
vn 0.169268 -0.040049 0.984756
vn 0.169268 -0.040049 0.984756
vn 0.169268 -0.040049 0.984756
vn -0.668422 -0.172716 0.723451
vn -0.668422 -0.172716 0.723451
vn -0.668422 -0.172716 0.723451
vn -0.978624 -0.172119 0.112561
vn -0.978624 -0.172119 0.112561
vn -0.978624 -0.172119 0.112561
vn 0.280779 -0.623593 -0.729585
vn 0.280779 -0.623593 -0.729585
vn 0.280779 -0.623593 -0.729585
vn 0.546785 0.667332 -0.505662
vn 0.546785 0.667332 -0.505662
vn 0.546785 0.667332 -0.505662
vn 0.202515 0.873880 -0.441952
vn 0.202515 0.873880 -0.441952
vn 0.202515 0.873880 -0.441952
vn 0.618966 0.783210 0.058851
vn 0.618966 0.783210 0.058851
vn 0.618966 0.783210 0.058851
vn 0.499524 0.207143 -0.841170
vn 0.499524 0.207143 -0.841170
vn 0.499524 0.207143 -0.841170
vn 0.639065 0.741081 0.205900
vn 0.639065 0.741081 0.205900
vn 0.639065 0.741081 0.205900
vn 0.558504 0.785040 0.267929
vn 0.558504 0.785040 0.267929
vn 0.558504 0.785040 0.267929
vn -0.177439 0.557880 0.810731
vn -0.177439 0.557880 0.810731
vn -0.177439 0.557880 0.810731
vn -0.207694 0.489316 0.847014
vn -0.207694 0.489316 0.847014
vn -0.207694 0.489316 0.847014
vn -0.824594 -0.191673 0.532266
vn -0.824594 -0.191673 0.532266
vn -0.824594 -0.191673 0.532266
vn -0.821561 0.241985 0.516218
vn -0.821561 0.241985 0.516218
vn -0.821561 0.241985 0.516218
vn -0.929092 0.360691 0.081795
vn -0.929092 0.360691 0.081795
vn -0.929092 0.360691 0.081795
vn -0.565109 0.801370 0.196108
vn -0.565109 0.801370 0.196108
vn -0.565109 0.801370 0.196108
vn -0.394653 0.297880 0.869205
vn -0.394653 0.297880 0.869205
vn -0.394653 0.297880 0.869205
vn 0.722891 -0.517780 0.457528
vn 0.722891 -0.517780 0.457528
vn 0.722891 -0.517780 0.457528
vn -0.342926 -0.016025 0.939226
vn -0.342926 -0.016025 0.939226
vn -0.342926 -0.016025 0.939226
vn -0.110063 -0.927871 0.356289
vn -0.110063 -0.927871 0.356289
vn -0.110063 -0.927871 0.356289
vn 0.037864 -0.716159 0.696910
vn 0.037864 -0.716159 0.696910
vn 0.037864 -0.716159 0.696910
vn 0.718026 -0.317550 -0.619355
vn 0.718026 -0.317550 -0.619355
vn 0.718026 -0.317550 -0.619355
vn 0.533651 -0.720391 0.443005
vn 0.533651 -0.720391 0.443005
vn 0.533651 -0.720391 0.443005
vn 0.291326 0.273655 0.916647
vn 0.291326 0.273655 0.916647
vn 0.291326 0.273655 0.916647
vn 0.989550 -0.008204 0.143954
vn 0.989550 -0.008204 0.143954
vn 0.989550 -0.008204 0.143954
vn 0.480327 -0.144702 0.865071
vn 0.480327 -0.144702 0.865071
vn 0.480327 -0.144702 0.865071
vn -0.200260 -0.157239 0.967043
vn -0.200260 -0.157239 0.967043
vn -0.200260 -0.157239 0.967043
vn -0.588111 -0.643297 -0.490198
vn -0.588111 -0.643297 -0.490198
vn -0.588111 -0.643297 -0.490198
vn -0.336482 0.659323 -0.672364
vn -0.336482 0.659323 -0.672364
vn -0.336482 0.659323 -0.672364
vn -0.386006 0.862231 -0.327960
vn -0.386006 0.862231 -0.327960
vn -0.386006 0.862231 -0.327960
vn 0.227223 0.788032 -0.572168
vn 0.227223 0.788032 -0.572168
vn 0.227223 0.788032 -0.572168
vn -0.662782 0.177943 -0.727362
vn -0.662782 0.177943 -0.727362
vn -0.662782 0.177943 -0.727362
vn 0.341353 -0.573257 -0.744886
vn 0.341353 -0.573257 -0.744886
vn 0.341353 -0.573257 -0.744886
vn 0.179242 -0.189913 -0.965301
vn 0.179242 -0.189913 -0.965301
vn 0.179242 -0.189913 -0.965301
vn 0.884419 0.464447 -0.045738
vn 0.884419 0.464447 -0.045738
vn 0.884419 0.464447 -0.045738
vn -0.161379 -0.908817 -0.384719
vn -0.161379 -0.908817 -0.384719
vn -0.161379 -0.908817 -0.384719
vn 0.445835 -0.068657 0.892478
vn 0.445835 -0.068657 0.892478
vn 0.445835 -0.068657 0.892478
vn 0.819121 0.191778 -0.540613
vn 0.819121 0.191778 -0.540613
vn 0.819121 0.191778 -0.540613
vn 0.061561 0.930368 -0.361423
vn 0.061561 0.930368 -0.361423
vn 0.061561 0.930368 -0.361423
vn -0.164008 -0.647472 -0.744232
vn -0.164008 -0.647472 -0.744232
vn -0.164008 -0.647472 -0.744232
vn 0.939092 -0.305651 -0.157112
vn 0.939092 -0.305651 -0.157112
vn 0.939092 -0.305651 -0.157112
vn -0.226421 0.553599 -0.801412
vn -0.226421 0.553599 -0.801412
vn -0.226421 0.553599 -0.801412
vn -0.254532 0.523711 -0.812982
vn -0.254532 0.523711 -0.812982
vn -0.254532 0.523711 -0.812982
vn 0.229709 0.457940 -0.858793
vn 0.229709 0.457940 -0.858793
vn 0.229709 0.457940 -0.858793
vn 0.208766 0.449410 -0.868589
vn 0.208766 0.449410 -0.868589
vn 0.208766 0.449410 -0.868589
vn -0.133838 -0.189861 0.972646
vn -0.133838 -0.189861 0.972646
vn -0.133838 -0.189861 0.972646
vn -0.115194 -0.210029 0.970885
vn -0.115194 -0.210029 0.970885
vn -0.115194 -0.210029 0.970885
vn -0.104214 -0.159133 0.981741
vn -0.104214 -0.159133 0.981741
vn -0.104214 -0.159133 0.981741
vn -0.948841 0.277918 0.149872
vn -0.948841 0.277918 0.149872
vn -0.948841 0.277918 0.149872
vn 0.478129 -0.433215 -0.764014
vn 0.478129 -0.433215 -0.764014
vn 0.478129 -0.433215 -0.764014
vn -0.152813 -0.936922 0.314366
vn -0.152813 -0.936922 0.314366
vn -0.152813 -0.936922 0.314366
vn -0.451555 0.238219 0.859855
vn -0.451555 0.238219 0.859855
vn -0.451555 0.238219 0.859855
vn -0.716069 0.122507 -0.687195
vn -0.716069 0.122507 -0.687195
vn -0.716069 0.122507 -0.687195
vn 0.094652 -0.149169 0.984271
vn 0.094652 -0.149169 0.984271
vn 0.094652 -0.149169 0.984271
vn -0.922559 -0.100715 -0.372480
vn -0.922559 -0.100715 -0.372480
vn -0.922559 -0.100715 -0.372480
vn -0.897203 -0.178275 -0.404036
vn -0.897203 -0.178275 -0.404036
vn -0.897203 -0.178275 -0.404036
vn -0.642381 0.756351 -0.123611
vn -0.642381 0.756351 -0.123611
vn -0.642381 0.756351 -0.123611
vn -0.470535 0.873472 -0.125075
vn -0.470535 0.873472 -0.125075
vn -0.470535 0.873472 -0.125075
vn -0.332778 0.930712 -0.151769
vn -0.332778 0.930712 -0.151769
vn -0.332778 0.930712 -0.151769
vn 0.261016 0.863509 0.431536
vn 0.261016 0.863509 0.431536
vn 0.261016 0.863509 0.431536
vn 0.156264 0.919964 0.359511
vn 0.156264 0.919964 0.359511
vn 0.156264 0.919964 0.359511
vn 0.272633 0.935458 -0.224922
vn 0.272633 0.935458 -0.224922
vn 0.272633 0.935458 -0.224922
vn 0.190607 0.959288 -0.208412
vn 0.190607 0.959288 -0.208412
vn 0.190607 0.959288 -0.208412
vn 0.066742 0.992212 -0.105171
vn 0.066742 0.992212 -0.105171
vn 0.066742 0.992212 -0.105171
vn -0.100141 0.909760 0.402875
vn -0.100141 0.909760 0.402875
vn -0.100141 0.909760 0.402875
vn -0.085642 0.985926 0.143582
vn -0.085642 0.985926 0.143582
vn -0.085642 0.985926 0.143582
vn -0.313422 0.111548 0.943040
vn -0.313422 0.111548 0.943040
vn -0.313422 0.111548 0.943040
vn -0.338019 0.315233 0.886776
vn -0.338019 0.315233 0.886776
vn -0.338019 0.315233 0.886776
vn -0.346234 0.277323 0.896222
vn -0.346234 0.277323 0.896222
vn -0.346234 0.277323 0.896222
vn -0.431053 0.418949 0.799171
vn -0.431053 0.418949 0.799171
vn -0.431053 0.418949 0.799171
vn -0.487816 0.450743 0.747573
vn -0.487816 0.450743 0.747573
vn -0.487816 0.450743 0.747573
vn -0.640101 -0.003958 0.768281
vn -0.640101 -0.003958 0.768281
vn -0.640101 -0.003958 0.768281
vn -0.604598 0.263820 0.751572
vn -0.604598 0.263820 0.751572
vn -0.604598 0.263820 0.751572
vn -0.601609 0.287001 0.745451
vn -0.601609 0.287001 0.745451
vn -0.601609 0.287001 0.745451
vn -0.398648 0.371748 0.838381
vn -0.398648 0.371748 0.838381
vn -0.398648 0.371748 0.838381
vn -0.407133 0.328698 0.852174
vn -0.407133 0.328698 0.852174
vn -0.407133 0.328698 0.852174
vn -0.578896 0.695368 -0.425844
vn -0.578896 0.695368 -0.425844
vn -0.578896 0.695368 -0.425844
vn -0.584121 0.732653 -0.349316
vn -0.584121 0.732653 -0.349316
vn -0.584121 0.732653 -0.349316
vn -0.672270 0.630915 -0.387297
vn -0.672270 0.630915 -0.387297
vn -0.672270 0.630915 -0.387297
vn -0.696694 0.591130 -0.406426
vn -0.696694 0.591130 -0.406426
vn -0.696694 0.591130 -0.406426
vn -0.505352 0.741879 -0.440721
vn -0.505352 0.741879 -0.440721
vn -0.505352 0.741879 -0.440721
vn -0.390716 0.779763 -0.489194
vn -0.390716 0.779763 -0.489194
vn -0.390716 0.779763 -0.489194
vn -0.565251 0.286435 -0.773593
vn -0.565251 0.286435 -0.773593
vn -0.565251 0.286435 -0.773593
vn -0.121424 0.573935 -0.809849
vn -0.121424 0.573935 -0.809849
vn -0.121424 0.573935 -0.809849
vn -0.503056 0.707803 -0.495932
vn -0.503056 0.707803 -0.495932
vn -0.503056 0.707803 -0.495932
vn -0.508490 0.741704 -0.437394
vn -0.508490 0.741704 -0.437394
vn -0.508490 0.741704 -0.437394
vn 0.669189 0.195129 -0.717015
vn 0.669189 0.195129 -0.717015
vn 0.669189 0.195129 -0.717015
vn -0.763069 0.275647 -0.584589
vn -0.763069 0.275647 -0.584589
vn -0.763069 0.275647 -0.584589
vn -0.845335 0.109406 -0.522915
vn -0.845335 0.109406 -0.522915
vn -0.845335 0.109406 -0.522915
vn -0.841959 0.102828 -0.529652
vn -0.841959 0.102828 -0.529652
vn -0.841959 0.102828 -0.529652
vn 0.694389 -0.718433 -0.040964
vn 0.694389 -0.718433 -0.040964
vn 0.694389 -0.718433 -0.040964
vn -0.689774 0.271064 -0.671369
vn -0.689774 0.271064 -0.671369
vn -0.689774 0.271064 -0.671369
vn 0.596015 -0.128853 -0.792568
vn 0.596015 -0.128853 -0.792568
vn 0.596015 -0.128853 -0.792568
vn 0.290887 0.009266 0.956713
vn 0.290887 0.009266 0.956713
vn 0.290887 0.009266 0.956713
vn -0.127664 0.182488 -0.974885
vn -0.127664 0.182488 -0.974885
vn -0.127664 0.182488 -0.974885
vn -0.930876 0.352365 -0.096487
vn -0.930876 0.352365 -0.096487
vn -0.930876 0.352365 -0.096487
vn 0.634345 -0.763469 -0.121333
vn 0.634345 -0.763469 -0.121333
vn 0.634345 -0.763469 -0.121333
vn -0.105524 0.845407 0.523595
vn -0.105524 0.845407 0.523595
vn -0.105524 0.845407 0.523595
vn 0.832011 -0.468561 0.296999
vn 0.832011 -0.468561 0.296999
vn 0.832011 -0.468561 0.296999
vn 0.843155 -0.472613 0.256372
vn 0.843155 -0.472613 0.256372
vn 0.843155 -0.472613 0.256372
vn 0.867216 -0.446545 0.220306
vn 0.867216 -0.446545 0.220306
vn 0.867216 -0.446545 0.220306
vn 0.809415 -0.531973 0.248702
vn 0.809415 -0.531973 0.248702
vn 0.809415 -0.531973 0.248702
vn 0.568083 -0.591041 0.572670
vn 0.568083 -0.591041 0.572670
vn 0.568083 -0.591041 0.572670
vn 0.836947 -0.476985 0.268338
vn 0.836947 -0.476985 0.268338
vn 0.836947 -0.476985 0.268338
vn 0.920180 -0.318804 0.227227
vn 0.920180 -0.318804 0.227227
vn 0.920180 -0.318804 0.227227
vn 0.563580 -0.821284 0.088716
vn 0.563580 -0.821284 0.088716
vn 0.563580 -0.821284 0.088716
vn 0.821006 -0.568730 0.049953
vn 0.821006 -0.568730 0.049953
vn 0.821006 -0.568730 0.049953
vn 0.851448 -0.519483 0.071924
vn 0.851448 -0.519483 0.071924
vn 0.851448 -0.519483 0.071924
vn 0.884342 -0.417946 0.207990
vn 0.884342 -0.417946 0.207990
vn 0.884342 -0.417946 0.207990
vn 0.010557 0.451506 0.892206
vn 0.010557 0.451506 0.892206
vn 0.010557 0.451506 0.892206
vn -0.933142 0.225593 0.279919
vn -0.933142 0.225593 0.279919
vn -0.933142 0.225593 0.279919
vn -0.405163 -0.499370 -0.765815
vn -0.405163 -0.499370 -0.765815
vn -0.405163 -0.499370 -0.765815
vn -0.268427 0.065501 0.961071
vn -0.268427 0.065501 0.961071
vn -0.268427 0.065501 0.961071
vn -0.957616 0.119875 -0.261919
vn -0.957616 0.119875 -0.261919
vn -0.957616 0.119875 -0.261919
vn 0.756828 -0.007698 -0.653569
vn 0.756828 -0.007698 -0.653569
vn 0.756828 -0.007698 -0.653569
vn -0.789687 0.229799 0.568847
vn -0.789687 0.229799 0.568847
vn -0.789687 0.229799 0.568847
vn 0.314414 0.070417 0.946671
vn 0.314414 0.070417 0.946671
vn 0.314414 0.070417 0.946671
vn -0.464598 -0.547247 -0.696182
vn -0.464598 -0.547247 -0.696182
vn -0.464598 -0.547247 -0.696182
vn -0.345928 -0.933217 -0.097156
vn -0.345928 -0.933217 -0.097156
vn -0.345928 -0.933217 -0.097156
vn -0.344946 -0.935046 -0.081857
vn -0.344946 -0.935046 -0.081857
vn -0.344946 -0.935046 -0.081857
vn -0.393200 -0.919279 0.017890
vn -0.393200 -0.919279 0.017890
vn -0.393200 -0.919279 0.017890
vn -0.269746 -0.948495 0.166117
vn -0.269746 -0.948495 0.166117
vn -0.269746 -0.948495 0.166117
vn -0.402008 -0.915317 0.024157
vn -0.402008 -0.915317 0.024157
vn -0.402008 -0.915317 0.024157
vn -0.300909 -0.920785 -0.248212
vn -0.300909 -0.920785 -0.248212
vn -0.300909 -0.920785 -0.248212
vn -0.506884 -0.858833 0.073994
vn -0.506884 -0.858833 0.073994
vn -0.506884 -0.858833 0.073994
vn -0.355735 -0.912160 -0.203510
vn -0.355735 -0.912160 -0.203510
vn -0.355735 -0.912160 -0.203510
vn 0.291020 -0.951871 0.096168
vn 0.291020 -0.951871 0.096168
vn 0.291020 -0.951871 0.096168
vn -0.457477 -0.888586 0.033615
vn -0.457477 -0.888586 0.033615
vn -0.457477 -0.888586 0.033615
vn -0.428298 -0.903572 -0.010849
vn -0.428298 -0.903572 -0.010849
vn -0.428298 -0.903572 -0.010849
vn -0.370217 0.273869 0.887657
vn -0.370217 0.273869 0.887657
vn -0.370217 0.273869 0.887657
vn -0.435424 0.243212 0.866749
vn -0.435424 0.243212 0.866749
vn -0.435424 0.243212 0.866749
vn -0.838190 -0.222385 -0.497978
vn -0.838190 -0.222385 -0.497978
vn -0.838190 -0.222385 -0.497978
vn 0.258125 -0.052667 0.964675
vn 0.258125 -0.052667 0.964675
vn 0.258125 -0.052667 0.964675
vn -0.873699 0.266028 0.407282
vn -0.873699 0.266028 0.407282
vn -0.873699 0.266028 0.407282
vn 0.290791 0.106101 -0.950885
vn 0.290791 0.106101 -0.950885
vn 0.290791 0.106101 -0.950885
vn -0.249023 0.135063 0.959034
vn -0.249023 0.135063 0.959034
vn -0.249023 0.135063 0.959034
vn 0.749325 -0.203930 0.630020
vn 0.749325 -0.203930 0.630020
vn 0.749325 -0.203930 0.630020
vn -0.558979 -0.234919 -0.795208
vn -0.558979 -0.234919 -0.795208
vn -0.558979 -0.234919 -0.795208
vn -0.158504 -0.120478 -0.979980
vn -0.158504 -0.120478 -0.979980
vn -0.158504 -0.120478 -0.979980
vn -0.861832 -0.252622 -0.439804
vn -0.861832 -0.252622 -0.439804
vn -0.861832 -0.252622 -0.439804
vn -0.532778 -0.628705 0.566460
vn -0.532778 -0.628705 0.566460
vn -0.532778 -0.628705 0.566460
vn -0.495702 -0.633210 0.594411
vn -0.495702 -0.633210 0.594411
vn -0.495702 -0.633210 0.594411
vn -0.372471 -0.672799 0.639224
vn -0.372471 -0.672799 0.639224
vn -0.372471 -0.672799 0.639224
vn -0.499524 -0.638173 0.585842
vn -0.499524 -0.638173 0.585842
vn -0.499524 -0.638173 0.585842
vn -0.669576 -0.724190 0.164974
vn -0.669576 -0.724190 0.164974
vn -0.669576 -0.724190 0.164974
vn -0.505524 -0.632656 0.586678
vn -0.505524 -0.632656 0.586678
vn -0.505524 -0.632656 0.586678
vn -0.526993 -0.470933 0.707461
vn -0.526993 -0.470933 0.707461
vn -0.526993 -0.470933 0.707461
vn -0.140523 -0.945061 0.295148
vn -0.140523 -0.945061 0.295148
vn -0.140523 -0.945061 0.295148
vn -0.089792 -0.956705 0.276864
vn -0.089792 -0.956705 0.276864
vn -0.089792 -0.956705 0.276864
vn -0.497134 -0.590709 0.635547
vn -0.497134 -0.590709 0.635547
vn -0.497134 -0.590709 0.635547
vn -0.477405 -0.576820 0.662845
vn -0.477405 -0.576820 0.662845
vn -0.477405 -0.576820 0.662845
vn -0.648017 -0.209587 0.732221
vn -0.648017 -0.209587 0.732221
vn -0.648017 -0.209587 0.732221
vn 0.995146 -0.076294 -0.062157
vn 0.995146 -0.076294 -0.062157
vn 0.995146 -0.076294 -0.062157
vn 0.282942 0.233992 0.930157
vn 0.282942 0.233992 0.930157
vn 0.282942 0.233992 0.930157
vn -0.861827 0.157370 -0.482171
vn -0.861827 0.157370 -0.482171
vn -0.861827 0.157370 -0.482171
vn 0.899420 0.095347 0.426559
vn 0.899420 0.095347 0.426559
vn 0.899420 0.095347 0.426559
vn 0.740543 -0.035395 -0.671076
vn 0.740543 -0.035395 -0.671076
vn 0.740543 -0.035395 -0.671076
vn -0.886970 -0.204159 0.414250
vn -0.886970 -0.204159 0.414250
vn -0.886970 -0.204159 0.414250
vn -0.996807 -0.079300 -0.009382
vn -0.996807 -0.079300 -0.009382
vn -0.996807 -0.079300 -0.009382
vn -0.595249 -0.241411 0.766420
vn -0.595249 -0.241411 0.766420
vn -0.595249 -0.241411 0.766420
vn 0.207859 0.957315 0.200856
vn 0.207859 0.957315 0.200856
vn 0.207859 0.957315 0.200856
vn -0.770055 -0.161008 0.617326
vn -0.770055 -0.161008 0.617326
vn -0.770055 -0.161008 0.617326
vn -0.728608 -0.110571 0.675947
vn -0.728608 -0.110571 0.675947
vn -0.728608 -0.110571 0.675947
vn -0.628520 -0.302143 0.716709
vn -0.628520 -0.302143 0.716709
vn -0.628520 -0.302143 0.716709
vn -0.630874 -0.485201 0.605457
vn -0.630874 -0.485201 0.605457
vn -0.630874 -0.485201 0.605457
vn -0.655634 -0.191778 0.730319
vn -0.655634 -0.191778 0.730319
vn -0.655634 -0.191778 0.730319
vn -0.911694 -0.264002 0.314828
vn -0.911694 -0.264002 0.314828
vn -0.911694 -0.264002 0.314828
vn -0.742558 -0.130537 0.656938
vn -0.742558 -0.130537 0.656938
vn -0.742558 -0.130537 0.656938
vn -0.756981 -0.186926 0.626129
vn -0.756981 -0.186926 0.626129
vn -0.756981 -0.186926 0.626129
vn -0.774330 -0.145102 0.615921
vn -0.774330 -0.145102 0.615921
vn -0.774330 -0.145102 0.615921
vn -0.726731 -0.128074 0.674877
vn -0.726731 -0.128074 0.674877
vn -0.726731 -0.128074 0.674877
vn -0.759733 -0.055222 0.647887
vn -0.759733 -0.055222 0.647887
vn -0.759733 -0.055222 0.647887
vn 0.430256 -0.851282 -0.300333
vn 0.430256 -0.851282 -0.300333
vn 0.430256 -0.851282 -0.300333
vn 0.360153 -0.854868 -0.373485
vn 0.360153 -0.854868 -0.373485
vn 0.360153 -0.854868 -0.373485
vn 0.208740 -0.888739 -0.408131
vn 0.208740 -0.888739 -0.408131
vn 0.208740 -0.888739 -0.408131
vn 0.360803 -0.872459 -0.329602
vn 0.360803 -0.872459 -0.329602
vn 0.360803 -0.872459 -0.329602
vn 0.426250 -0.885125 0.186721
vn 0.426250 -0.885125 0.186721
vn 0.426250 -0.885125 0.186721
vn 0.400300 -0.761735 -0.509431
vn 0.400300 -0.761735 -0.509431
vn 0.400300 -0.761735 -0.509431
vn 0.492950 -0.698038 -0.519368
vn 0.492950 -0.698038 -0.519368
vn 0.492950 -0.698038 -0.519368
vn -0.139831 -0.990156 0.006178
vn -0.139831 -0.990156 0.006178
vn -0.139831 -0.990156 0.006178
vn 0.078005 -0.702108 -0.707785
vn 0.078005 -0.702108 -0.707785
vn 0.078005 -0.702108 -0.707785
vn 0.399279 -0.795650 -0.455540
vn 0.399279 -0.795650 -0.455540
vn 0.399279 -0.795650 -0.455540
vn 0.405895 -0.816803 -0.409979
vn 0.405895 -0.816803 -0.409979
vn 0.405895 -0.816803 -0.409979
vn -0.325267 0.680433 0.656667
vn -0.325267 0.680433 0.656667
vn -0.325267 0.680433 0.656667
vn -0.252185 0.523643 0.813757
vn -0.252185 0.523643 0.813757
vn -0.252185 0.523643 0.813757
vn 0.418419 -0.798908 0.432055
vn 0.418419 -0.798908 0.432055
vn 0.418419 -0.798908 0.432055
vn 0.462365 -0.805178 0.371358
vn 0.462365 -0.805178 0.371358
vn 0.462365 -0.805178 0.371358
vn 0.492387 -0.841751 0.221381
vn 0.492387 -0.841751 0.221381
vn 0.492387 -0.841751 0.221381
vn 0.442520 -0.813748 0.376816
vn 0.442520 -0.813748 0.376816
vn 0.442520 -0.813748 0.376816
vn -0.013444 -0.841902 0.539464
vn -0.013444 -0.841902 0.539464
vn -0.013444 -0.841902 0.539464
vn 0.608454 -0.704231 0.365845
vn 0.608454 -0.704231 0.365845
vn 0.608454 -0.704231 0.365845
vn 0.619169 -0.648478 0.442839
vn 0.619169 -0.648478 0.442839
vn 0.619169 -0.648478 0.442839
vn 0.043928 -0.997805 -0.049558
vn 0.043928 -0.997805 -0.049558
vn 0.043928 -0.997805 -0.049558
vn 0.734370 -0.678710 0.007293
vn 0.734370 -0.678710 0.007293
vn 0.734370 -0.678710 0.007293
vn 0.556168 -0.739560 0.379115
vn 0.556168 -0.739560 0.379115
vn 0.556168 -0.739560 0.379115
vn 0.512952 -0.764144 0.391107
vn 0.512952 -0.764144 0.391107
vn 0.512952 -0.764144 0.391107
vn -0.120683 -0.212943 0.969583
vn -0.120683 -0.212943 0.969583
vn -0.120683 -0.212943 0.969583
vn -0.053372 -0.159840 0.985699
vn -0.053372 -0.159840 0.985699
vn -0.053372 -0.159840 0.985699
vn 0.057306 -0.347600 0.935890
vn 0.057306 -0.347600 0.935890
vn 0.057306 -0.347600 0.935890
vn -0.012665 -0.529457 0.848242
vn -0.012665 -0.529457 0.848242
vn -0.012665 -0.529457 0.848242
vn 0.040791 -0.236488 0.970778
vn 0.040791 -0.236488 0.970778
vn 0.040791 -0.236488 0.970778
vn -0.426602 -0.324037 0.844400
vn -0.426602 -0.324037 0.844400
vn -0.426602 -0.324037 0.844400
vn -0.143363 -0.216444 0.965712
vn -0.143363 -0.216444 0.965712
vn -0.143363 -0.216444 0.965712
vn -0.101187 -0.139356 0.985059
vn -0.101187 -0.139356 0.985059
vn -0.101187 -0.139356 0.985059
vn -0.129209 -0.197335 0.971784
vn -0.129209 -0.197335 0.971784
vn -0.129209 -0.197335 0.971784
vn -0.060336 -0.077751 0.995145
vn -0.060336 -0.077751 0.995145
vn -0.060336 -0.077751 0.995145
vn -0.101446 -0.144584 0.984279
vn -0.101446 -0.144584 0.984279
vn -0.101446 -0.144584 0.984279
vn 0.482831 0.246205 -0.840391
vn 0.482831 0.246205 -0.840391
vn 0.482831 0.246205 -0.840391
vn 0.467867 0.466904 -0.750401
vn 0.467867 0.466904 -0.750401
vn 0.467867 0.466904 -0.750401
vn 0.487111 0.423231 -0.763936
vn 0.487111 0.423231 -0.763936
vn 0.487111 0.423231 -0.763936
vn 0.537085 0.572233 -0.619749
vn 0.537085 0.572233 -0.619749
vn 0.537085 0.572233 -0.619749
vn 0.579428 0.603352 -0.547933
vn 0.579428 0.603352 -0.547933
vn 0.579428 0.603352 -0.547933
vn 0.782168 0.123004 -0.610806
vn 0.782168 0.123004 -0.610806
vn 0.782168 0.123004 -0.610806
vn 0.591641 0.527200 -0.609935
vn 0.591641 0.527200 -0.609935
vn 0.591641 0.527200 -0.609935
vn 0.691319 0.235428 -0.683119
vn 0.691319 0.235428 -0.683119
vn 0.691319 0.235428 -0.683119
vn 0.514029 0.528858 -0.675340
vn 0.514029 0.528858 -0.675340
vn 0.514029 0.528858 -0.675340
vn 0.533998 0.478604 -0.696982
vn 0.533998 0.478604 -0.696982
vn 0.533998 0.478604 -0.696982
vn -0.817960 0.442228 -0.367935
vn -0.817960 0.442228 -0.367935
vn -0.817960 0.442228 -0.367935
vn 0.867460 -0.157976 0.471760
vn 0.867460 -0.157976 0.471760
vn 0.867460 -0.157976 0.471760
vn -0.692716 0.336301 -0.638002
vn -0.692716 0.336301 -0.638002
vn -0.692716 0.336301 -0.638002
vn 0.982987 -0.166776 -0.076950
vn 0.982987 -0.166776 -0.076950
vn 0.982987 -0.166776 -0.076950
vn 0.997690 0.044288 -0.051512
vn 0.997690 0.044288 -0.051512
vn 0.997690 0.044288 -0.051512
vn 0.999133 0.004549 -0.041393
vn 0.999133 0.004549 -0.041393
vn 0.999133 0.004549 -0.041393
vn 0.976482 0.210124 0.048273
vn 0.976482 0.210124 0.048273
vn 0.976482 0.210124 0.048273
vn 0.967687 0.229193 0.105127
vn 0.967687 0.229193 0.105127
vn 0.967687 0.229193 0.105127
vn 0.926297 -0.238663 0.291571
vn 0.926297 -0.238663 0.291571
vn 0.926297 -0.238663 0.291571
vn 0.969448 0.028823 0.243598
vn 0.969448 0.028823 0.243598
vn 0.969448 0.028823 0.243598
vn 0.969154 0.051354 0.241048
vn 0.969154 0.051354 0.241048
vn 0.969154 0.051354 0.241048
vn 0.993964 0.108669 0.015057
vn 0.993964 0.108669 0.015057
vn 0.993964 0.108669 0.015057
vn 0.997878 0.061242 0.022124
vn 0.997878 0.061242 0.022124
vn 0.997878 0.061242 0.022124
vn -0.478777 0.640418 0.600531
vn -0.478777 0.640418 0.600531
vn -0.478777 0.640418 0.600531
vn -0.512086 0.771100 0.378381
vn -0.512086 0.771100 0.378381
vn -0.512086 0.771100 0.378381
vn -0.476521 0.839403 0.261400
vn -0.476521 0.839403 0.261400
vn -0.476521 0.839403 0.261400
vn -0.848271 0.330604 0.413687
vn -0.848271 0.330604 0.413687
vn -0.848271 0.330604 0.413687
vn -0.767665 0.637932 -0.061102
vn -0.767665 0.637932 -0.061102
vn -0.767665 0.637932 -0.061102
vn -0.379132 0.787759 0.485484
vn -0.379132 0.787759 0.485484
vn -0.379132 0.787759 0.485484
vn -0.446189 0.684967 0.575965
vn -0.446189 0.684967 0.575965
vn -0.446189 0.684967 0.575965
vn -0.458940 0.752166 0.472886
vn -0.458940 0.752166 0.472886
vn -0.458940 0.752166 0.472886
vn -0.517928 0.764690 0.383405
vn -0.517928 0.764690 0.383405
vn -0.517928 0.764690 0.383405
vn -0.420199 0.792018 0.442877
vn -0.420199 0.792018 0.442877
vn -0.420199 0.792018 0.442877
vn 0.957696 -0.101991 -0.269104
vn 0.957696 -0.101991 -0.269104
vn 0.957696 -0.101991 -0.269104
vn -0.955964 0.290743 0.040011
vn -0.955964 0.290743 0.040011
vn -0.955964 0.290743 0.040011
vn 0.584661 0.674222 0.451216
vn 0.584661 0.674222 0.451216
vn 0.584661 0.674222 0.451216
vn 0.747593 0.522615 0.409853
vn 0.747593 0.522615 0.409853
vn 0.747593 0.522615 0.409853
vn -0.929503 0.231788 0.286877
vn -0.929503 0.231788 0.286877
vn -0.929503 0.231788 0.286877
vn -0.900088 0.395127 0.183619
vn -0.900088 0.395127 0.183619
vn -0.900088 0.395127 0.183619
vn 0.982707 -0.142109 -0.118708
vn 0.982707 -0.142109 -0.118708
vn 0.982707 -0.142109 -0.118708
vn -0.959504 0.281663 -0.004279
vn -0.959504 0.281663 -0.004279
vn -0.959504 0.281663 -0.004279
vn -0.984180 0.139670 0.109002
vn -0.984180 0.139670 0.109002
vn -0.984180 0.139670 0.109002
vn 0.232471 0.393777 -0.889324
vn 0.232471 0.393777 -0.889324
vn 0.232471 0.393777 -0.889324
vn 0.430286 -0.404339 0.807071
vn 0.430286 -0.404339 0.807071
vn 0.430286 -0.404339 0.807071
vn -0.702246 -0.397544 -0.590601
vn -0.702246 -0.397544 -0.590601
vn -0.702246 -0.397544 -0.590601
vn -0.722145 -0.583338 -0.371784
vn -0.722145 -0.583338 -0.371784
vn -0.722145 -0.583338 -0.371784
vn 0.974082 0.226154 -0.004291
vn 0.974082 0.226154 -0.004291
vn 0.974082 0.226154 -0.004291
vn 0.353777 0.829176 -0.432791
vn 0.353777 0.829176 -0.432791
vn 0.353777 0.829176 -0.432791
vn 0.334220 0.680567 -0.652017
vn 0.334220 0.680567 -0.652017
vn 0.334220 0.680567 -0.652017
vn 0.730983 0.528920 0.431170
vn 0.730983 0.528920 0.431170
vn 0.730983 0.528920 0.431170
vn 0.163248 0.306112 0.937894
vn 0.163248 0.306112 0.937894
vn 0.163248 0.306112 0.937894
vn -0.939237 -0.248770 0.236533
vn -0.939237 -0.248770 0.236533
vn -0.939237 -0.248770 0.236533
vn 0.347760 0.012576 -0.937499
vn 0.347760 0.012576 -0.937499
vn 0.347760 0.012576 -0.937499
vn -0.539332 0.139433 0.830469
vn -0.539332 0.139433 0.830469
vn -0.539332 0.139433 0.830469
vn -0.447329 -0.269482 0.852805
vn -0.447329 -0.269482 0.852805
vn -0.447329 -0.269482 0.852805
vn 0.862699 0.116407 0.492138
vn 0.862699 0.116407 0.492138
vn 0.862699 0.116407 0.492138
vn 0.801079 0.321491 0.504892
vn 0.801079 0.321491 0.504892
vn 0.801079 0.321491 0.504892
vn 0.807706 0.279496 0.519128
vn 0.807706 0.279496 0.519128
vn 0.807706 0.279496 0.519128
vn 0.698419 0.417869 0.581031
vn 0.698419 0.417869 0.581031
vn 0.698419 0.417869 0.581031
vn 0.641981 0.447065 0.622891
vn 0.641981 0.447065 0.622891
vn 0.641981 0.447065 0.622891
vn 0.633173 -0.007183 0.773977
vn 0.633173 -0.007183 0.773977
vn 0.633173 -0.007183 0.773977
vn 0.619307 0.267854 0.738046
vn 0.619307 0.267854 0.738046
vn 0.619307 0.267854 0.738046
vn 0.613779 0.291168 0.733823
vn 0.613779 0.291168 0.733823
vn 0.613779 0.291168 0.733823
vn 0.741729 0.377316 0.554500
vn 0.741729 0.377316 0.554500
vn 0.741729 0.377316 0.554500
vn 0.755427 0.327960 0.567249
vn 0.755427 0.327960 0.567249
vn 0.755427 0.327960 0.567249
vn -0.263765 0.854085 -0.448294
vn -0.263765 0.854085 -0.448294
vn -0.263765 0.854085 -0.448294
vn 0.449788 -0.472817 -0.757717
vn 0.449788 -0.472817 -0.757717
vn 0.449788 -0.472817 -0.757717
vn 0.404343 -0.477300 -0.780187
vn 0.404343 -0.477300 -0.780187
vn 0.404343 -0.477300 -0.780187
vn 0.378660 -0.455384 -0.805756
vn 0.378660 -0.455384 -0.805756
vn 0.378660 -0.455384 -0.805756
vn 0.394816 -0.538244 -0.744590
vn 0.394816 -0.538244 -0.744590
vn 0.394816 -0.538244 -0.744590
vn 0.669394 -0.594330 -0.445738
vn 0.669394 -0.594330 -0.445738
vn 0.669394 -0.594330 -0.445738
vn 0.423008 -0.476956 -0.770440
vn 0.423008 -0.476956 -0.770440
vn 0.423008 -0.476956 -0.770440
vn 0.396644 -0.323144 -0.859216
vn 0.396644 -0.323144 -0.859216
vn 0.396644 -0.323144 -0.859216
vn 0.198049 -0.819910 -0.537145
vn 0.198049 -0.819910 -0.537145
vn 0.198049 -0.819910 -0.537145
vn 0.208484 -0.566968 -0.796920
vn 0.208484 -0.566968 -0.796920
vn 0.208484 -0.566968 -0.796920
vn 0.235553 -0.518121 -0.822232
vn 0.235553 -0.518121 -0.822232
vn 0.235553 -0.518121 -0.822232
vn 0.372235 -0.417182 -0.829096
vn 0.372235 -0.417182 -0.829096
vn 0.372235 -0.417182 -0.829096
vn -0.036321 0.244435 -0.968985
vn -0.036321 0.244435 -0.968985
vn -0.036321 0.244435 -0.968985
vn -0.206404 0.346304 -0.915134
vn -0.206404 0.346304 -0.915134
vn -0.206404 0.346304 -0.915134
vn 0.993571 -0.102222 -0.048654
vn 0.993571 -0.102222 -0.048654
vn 0.993571 -0.102222 -0.048654
vn 0.950143 -0.139023 0.279109
vn 0.950143 -0.139023 0.279109
vn 0.950143 -0.139023 0.279109
vn -0.966487 -0.207816 0.150714
vn -0.966487 -0.207816 0.150714
vn -0.966487 -0.207816 0.150714
vn -0.753859 -0.096544 -0.649905
vn -0.753859 -0.096544 -0.649905
vn -0.753859 -0.096544 -0.649905
vn 0.412644 0.318211 -0.853503
vn 0.412644 0.318211 -0.853503
vn 0.412644 0.318211 -0.853503
vn 0.239408 0.149388 0.959358
vn 0.239408 0.149388 0.959358
vn 0.239408 0.149388 0.959358
vn -0.274942 0.090947 -0.957150
vn -0.274942 0.090947 -0.957150
vn -0.274942 0.090947 -0.957150
vn 0.768104 0.184140 -0.613277
vn 0.768104 0.184140 -0.613277
vn 0.768104 0.184140 -0.613277
vn 0.933571 -0.112525 0.340270
vn 0.933571 -0.112525 0.340270
vn 0.933571 -0.112525 0.340270
vn 0.136534 -0.170119 -0.975919
vn 0.136534 -0.170119 -0.975919
vn 0.136534 -0.170119 -0.975919
vn -0.471585 -0.269171 0.839735
vn -0.471585 -0.269171 0.839735
vn -0.471585 -0.269171 0.839735
vn 0.985578 -0.129465 -0.108975
vn 0.985578 -0.129465 -0.108975
vn 0.985578 -0.129465 -0.108975
vn 0.241964 -0.211950 0.946853
vn 0.241964 -0.211950 0.946853
vn 0.241964 -0.211950 0.946853
vn 0.495450 -0.048375 -0.867288
vn 0.495450 -0.048375 -0.867288
vn 0.495450 -0.048375 -0.867288
vn 0.910669 0.256050 0.324224
vn 0.910669 0.256050 0.324224
vn 0.910669 0.256050 0.324224
vn -0.885812 0.098135 0.453549
vn -0.885812 0.098135 0.453549
vn -0.885812 0.098135 0.453549
vn 0.895271 0.131802 -0.425579
vn 0.895271 0.131802 -0.425579
vn 0.895271 0.131802 -0.425579
vn -0.094175 -0.212251 -0.972667
vn -0.094175 -0.212251 -0.972667
vn -0.094175 -0.212251 -0.972667
vn 0.744046 0.081915 0.663088
vn 0.744046 0.081915 0.663088
vn 0.744046 0.081915 0.663088
vn -0.158561 -0.244720 0.956541
vn -0.158561 -0.244720 0.956541
vn -0.158561 -0.244720 0.956541
vn -0.570995 -0.131400 0.810370
vn -0.570995 -0.131400 0.810370
vn -0.570995 -0.131400 0.810370
vn 0.305749 -0.250622 0.918535
vn 0.305749 -0.250622 0.918535
vn 0.305749 -0.250622 0.918535
vn 0.265585 -0.004609 0.964076
vn 0.265585 -0.004609 0.964076
vn 0.265585 -0.004609 0.964076
vn 0.211868 0.188391 0.958969
vn 0.211868 0.188391 0.958969
vn 0.211868 0.188391 0.958969
vn 0.204717 0.146341 0.967820
vn 0.204717 0.146341 0.967820
vn 0.204717 0.146341 0.967820
vn 0.096566 0.270558 0.957848
vn 0.096566 0.270558 0.957848
vn 0.096566 0.270558 0.957848
vn 0.035252 0.297006 0.954225
vn 0.035252 0.297006 0.954225
vn 0.035252 0.297006 0.954225
vn -0.090810 -0.141030 0.985832
vn -0.090810 -0.141030 0.985832
vn -0.090810 -0.141030 0.985832
vn -0.072106 0.126859 0.989296
vn -0.072106 0.126859 0.989296
vn -0.072106 0.126859 0.989296
vn -0.075768 0.174222 0.981787
vn -0.075768 0.174222 0.981787
vn -0.075768 0.174222 0.981787
vn 0.140730 0.238914 0.960789
vn 0.140730 0.238914 0.960789
vn 0.140730 0.238914 0.960789
vn 0.141165 0.188860 0.971805
vn 0.141165 0.188860 0.971805
vn 0.141165 0.188860 0.971805
vn -0.429149 0.116594 -0.895677
vn -0.429149 0.116594 -0.895677
vn -0.429149 0.116594 -0.895677
vn -0.371896 0.319323 -0.871623
vn -0.371896 0.319323 -0.871623
vn -0.371896 0.319323 -0.871623
vn -0.370840 0.281001 -0.885165
vn -0.370840 0.281001 -0.885165
vn -0.370840 0.281001 -0.885165
vn -0.238852 0.424295 -0.873455
vn -0.238852 0.424295 -0.873455
vn -0.238852 0.424295 -0.873455
vn -0.165041 0.453709 -0.875734
vn -0.165041 0.453709 -0.875734
vn -0.165041 0.453709 -0.875734
vn -0.073996 -0.002754 -0.997255
vn -0.073996 -0.002754 -0.997255
vn -0.073996 -0.002754 -0.997255
vn -0.084036 0.272143 -0.958580
vn -0.084036 0.272143 -0.958580
vn -0.084036 0.272143 -0.958580
vn -0.082044 0.294018 -0.952272
vn -0.082044 0.294018 -0.952272
vn -0.082044 0.294018 -0.952272
vn -0.291653 0.376348 -0.879375
vn -0.291653 0.376348 -0.879375
vn -0.291653 0.376348 -0.879375
vn -0.295178 0.332454 -0.895737
vn -0.295178 0.332454 -0.895737
vn -0.295178 0.332454 -0.895737
vn 0.442025 0.269409 -0.855589
vn 0.442025 0.269409 -0.855589
vn 0.442025 0.269409 -0.855589
vn -0.330508 0.002044 -0.943801
vn -0.330508 0.002044 -0.943801
vn -0.330508 0.002044 -0.943801
vn 0.867058 0.170648 0.468070
vn 0.867058 0.170648 0.468070
vn 0.867058 0.170648 0.468070
vn -0.678341 -0.641183 -0.358799
vn -0.678341 -0.641183 -0.358799
vn -0.678341 -0.641183 -0.358799
vn -0.912376 0.275489 0.302780
vn -0.912376 0.275489 0.302780
vn -0.912376 0.275489 0.302780
vn -0.550705 -0.815923 0.176047
vn -0.550705 -0.815923 0.176047
vn -0.550705 -0.815923 0.176047
vn -0.543079 -0.431316 0.720439
vn -0.543079 -0.431316 0.720439
vn -0.543079 -0.431316 0.720439
vn 0.050852 0.462452 -0.885185
vn 0.050852 0.462452 -0.885185
vn 0.050852 0.462452 -0.885185
vn -0.639893 -0.761719 0.101589
vn -0.639893 -0.761719 0.101589
vn -0.639893 -0.761719 0.101589
vn 0.122444 0.626031 0.770125
vn 0.122444 0.626031 0.770125
vn 0.122444 0.626031 0.770125
vn 0.064912 0.730666 0.679642
vn 0.064912 0.730666 0.679642
vn 0.064912 0.730666 0.679642
vn 0.213788 0.584503 0.782720
vn 0.213788 0.584503 0.782720
vn 0.213788 0.584503 0.782720
vn 0.061463 0.733975 0.676390
vn 0.061463 0.733975 0.676390
vn 0.061463 0.733975 0.676390
vn -0.047455 0.772478 0.633266
vn -0.047455 0.772478 0.633266
vn -0.047455 0.772478 0.633266
vn -0.127870 0.283861 0.950301
vn -0.127870 0.283861 0.950301
vn -0.127870 0.283861 0.950301
vn -0.475845 0.574380 0.666077
vn -0.475845 0.574380 0.666077
vn -0.475845 0.574380 0.666077
vn 0.124570 0.694197 0.708923
vn 0.124570 0.694197 0.708923
vn 0.124570 0.694197 0.708923
vn 0.026614 0.703219 0.710475
vn 0.026614 0.703219 0.710475
vn 0.026614 0.703219 0.710475
vn 0.067316 0.733677 0.676156
vn 0.067316 0.733677 0.676156
vn 0.067316 0.733677 0.676156
vn 0.768567 -0.492814 0.407969
vn 0.768567 -0.492814 0.407969
vn 0.768567 -0.492814 0.407969
vn -0.276286 0.118306 -0.953766
vn -0.276286 0.118306 -0.953766
vn -0.276286 0.118306 -0.953766
vn 0.938267 0.113113 -0.326895
vn 0.938267 0.113113 -0.326895
vn 0.938267 0.113113 -0.326895
vn -0.282363 -0.005321 0.959293
vn -0.282363 -0.005321 0.959293
vn -0.282363 -0.005321 0.959293
vn 0.358665 0.231732 -0.904245
vn 0.358665 0.231732 -0.904245
vn 0.358665 0.231732 -0.904245
vn -0.784671 0.190427 -0.589939
vn -0.784671 0.190427 -0.589939
vn -0.784671 0.190427 -0.589939
vn 0.778340 -0.545753 0.310389
vn 0.778340 -0.545753 0.310389
vn 0.778340 -0.545753 0.310389
vn 0.226801 0.450945 0.863255
vn 0.226801 0.450945 0.863255
vn 0.226801 0.450945 0.863255
vn 0.249292 0.372849 0.893777
vn 0.249292 0.372849 0.893777
vn 0.249292 0.372849 0.893777
vn 0.468527 -0.351384 -0.810563
vn 0.468527 -0.351384 -0.810563
vn 0.468527 -0.351384 -0.810563
vn 0.220784 -0.489966 0.843319
vn 0.220784 -0.489966 0.843319
vn 0.220784 -0.489966 0.843319
vn 0.274888 -0.462521 0.842918
vn 0.274888 -0.462521 0.842918
vn 0.274888 -0.462521 0.842918
vn 0.226670 -0.535114 0.813802
vn 0.226670 -0.535114 0.813802
vn 0.226670 -0.535114 0.813802
vn -0.155870 -0.584453 0.796316
vn -0.155870 -0.584453 0.796316
vn -0.155870 -0.584453 0.796316
vn 0.232697 -0.474468 0.848960
vn 0.232697 -0.474468 0.848960
vn 0.232697 -0.474468 0.848960
vn 0.306379 -0.326469 0.894176
vn 0.306379 -0.326469 0.894176
vn 0.306379 -0.326469 0.894176
vn 0.203763 -0.487596 0.848958
vn 0.203763 -0.487596 0.848958
vn 0.203763 -0.487596 0.848958
vn 0.228212 -0.824206 0.518270
vn 0.228212 -0.824206 0.518270
vn 0.228212 -0.824206 0.518270
vn 0.402319 -0.574615 0.712711
vn 0.402319 -0.574615 0.712711
vn 0.402319 -0.574615 0.712711
vn 0.400774 -0.530691 0.746825
vn 0.400774 -0.530691 0.746825
vn 0.400774 -0.530691 0.746825
vn 0.303359 -0.421244 0.854708
vn 0.303359 -0.421244 0.854708
vn 0.303359 -0.421244 0.854708
vn -0.957482 0.011588 0.288260
vn -0.957482 0.011588 0.288260
vn -0.957482 0.011588 0.288260
vn -0.356743 0.187078 -0.915279
vn -0.356743 0.187078 -0.915279
vn -0.356743 0.187078 -0.915279
vn 0.960594 0.045524 0.274203
vn 0.960594 0.045524 0.274203
vn 0.960594 0.045524 0.274203
vn -0.941052 0.184447 -0.283550
vn -0.941052 0.184447 -0.283550
vn -0.941052 0.184447 -0.283550
vn -0.609298 0.072400 0.789630
vn -0.609298 0.072400 0.789630
vn -0.609298 0.072400 0.789630
vn 0.441573 0.141668 0.885970
vn 0.441573 0.141668 0.885970
vn 0.441573 0.141668 0.885970
vn 0.391789 -0.397136 -0.829930
vn 0.391789 -0.397136 -0.829930
vn 0.391789 -0.397136 -0.829930
vn -0.709028 0.675229 -0.203334
vn -0.709028 0.675229 -0.203334
vn -0.709028 0.675229 -0.203334
vn -0.849719 0.518628 -0.094881
vn -0.849719 0.518628 -0.094881
vn -0.849719 0.518628 -0.094881
vn -0.157773 -0.677043 -0.718832
vn -0.157773 -0.677043 -0.718832
vn -0.157773 -0.677043 -0.718832
vn -0.072443 -0.324514 -0.943103
vn -0.072443 -0.324514 -0.943103
vn -0.072443 -0.324514 -0.943103
vn -0.139914 -0.310081 -0.940358
vn -0.139914 -0.310081 -0.940358
vn -0.139914 -0.310081 -0.940358
vn -0.100061 -0.381597 -0.918897
vn -0.100061 -0.381597 -0.918897
vn -0.100061 -0.381597 -0.918897
vn 0.275765 -0.464771 -0.841393
vn 0.275765 -0.464771 -0.841393
vn 0.275765 -0.464771 -0.841393
vn -0.081279 -0.342739 -0.935908
vn -0.081279 -0.342739 -0.935908
vn -0.081279 -0.342739 -0.935908
vn -0.247605 -0.497818 -0.831185
vn -0.247605 -0.497818 -0.831185
vn -0.247605 -0.497818 -0.831185
vn -0.156370 -0.283454 -0.946151
vn -0.156370 -0.283454 -0.946151
vn -0.156370 -0.283454 -0.946151
vn -0.152661 -0.193772 -0.969096
vn -0.152661 -0.193772 -0.969096
vn -0.152661 -0.193772 -0.969096
vn -0.110562 -0.328514 -0.938006
vn -0.110562 -0.328514 -0.938006
vn -0.110562 -0.328514 -0.938006
vn -0.237984 -0.353854 -0.904517
vn -0.237984 -0.353854 -0.904517
vn -0.237984 -0.353854 -0.904517
vn 0.465719 0.874298 0.136780
vn 0.465719 0.874298 0.136780
vn 0.465719 0.874298 0.136780
vn 0.495759 0.861834 0.107080
vn 0.495759 0.861834 0.107080
vn 0.495759 0.861834 0.107080
vn 0.369527 0.913584 0.169749
vn 0.369527 0.913584 0.169749
vn 0.369527 0.913584 0.169749
vn 0.841835 0.425987 0.331434
vn 0.841835 0.425987 0.331434
vn 0.841835 0.425987 0.331434
vn 0.494508 0.853130 0.166226
vn 0.494508 0.853130 0.166226
vn 0.494508 0.853130 0.166226
vn 0.614634 0.788690 0.013908
vn 0.614634 0.788690 0.013908
vn 0.614634 0.788690 0.013908
vn 0.470863 0.880699 0.051555
vn 0.470863 0.880699 0.051555
vn 0.470863 0.880699 0.051555
vn 0.525213 0.850969 -0.001779
vn 0.525213 0.850969 -0.001779
vn 0.525213 0.850969 -0.001779
vn 0.500023 0.859341 0.107288
vn 0.500023 0.859341 0.107288
vn 0.500023 0.859341 0.107288
vn 0.469851 0.882706 -0.008385
vn 0.469851 0.882706 -0.008385
vn 0.469851 0.882706 -0.008385
vn 0.633707 -0.158570 -0.757147
vn 0.633707 -0.158570 -0.757147
vn 0.633707 -0.158570 -0.757147
vn 0.691905 0.023364 -0.721611
vn 0.691905 0.023364 -0.721611
vn 0.691905 0.023364 -0.721611
vn 0.700002 -0.022009 -0.713802
vn 0.700002 -0.022009 -0.713802
vn 0.700002 -0.022009 -0.713802
vn 0.766849 0.133223 -0.627849
vn 0.766849 0.133223 -0.627849
vn 0.766849 0.133223 -0.627849
vn 0.794102 0.142756 -0.590781
vn 0.794102 0.142756 -0.590781
vn 0.794102 0.142756 -0.590781
vn 0.828156 -0.324566 -0.456962
vn 0.828156 -0.324566 -0.456962
vn 0.828156 -0.324566 -0.456962
vn 0.860674 -0.042356 -0.507392
vn 0.860674 -0.042356 -0.507392
vn 0.860674 -0.042356 -0.507392
vn 0.862277 -0.007544 -0.506381
vn 0.862277 -0.007544 -0.506381
vn 0.862277 -0.007544 -0.506381
vn 0.741169 0.067587 -0.667907
vn 0.741169 0.067587 -0.667907
vn 0.741169 0.067587 -0.667907
vn 0.741794 0.012883 -0.670504
vn 0.741794 0.012883 -0.670504
vn 0.741794 0.012883 -0.670504
vn -0.985691 0.110064 -0.127667
vn -0.985691 0.110064 -0.127667
vn -0.985691 0.110064 -0.127667
vn -0.935486 0.313845 -0.162381
vn -0.935486 0.313845 -0.162381
vn -0.935486 0.313845 -0.162381
vn -0.946728 0.273051 -0.170731
vn -0.946728 0.273051 -0.170731
vn -0.946728 0.273051 -0.170731
vn -0.869022 0.412619 -0.273032
vn -0.869022 0.412619 -0.273032
vn -0.869022 0.412619 -0.273032
vn -0.829295 0.444257 -0.338978
vn -0.829295 0.444257 -0.338978
vn -0.829295 0.444257 -0.338978
vn -0.875879 -0.010105 -0.482426
vn -0.875879 -0.010105 -0.482426
vn -0.875879 -0.010105 -0.482426
vn -0.853688 0.259980 -0.451250
vn -0.853688 0.259980 -0.451250
vn -0.853688 0.259980 -0.451250
vn -0.846791 0.284553 -0.449416
vn -0.846791 0.284553 -0.449416
vn -0.846791 0.284553 -0.449416
vn -0.899106 0.371112 -0.232131
vn -0.899106 0.371112 -0.232131
vn -0.899106 0.371112 -0.232131
vn -0.915522 0.324059 -0.238337
vn -0.915522 0.324059 -0.238337
vn -0.915522 0.324059 -0.238337
vn -0.014303 -0.787812 -0.615750
vn -0.014303 -0.787812 -0.615750
vn -0.014303 -0.787812 -0.615750
vn -0.093544 -0.793344 -0.601544
vn -0.093544 -0.793344 -0.601544
vn -0.093544 -0.793344 -0.601544
vn -0.211626 -0.834501 -0.508746
vn -0.211626 -0.834501 -0.508746
vn -0.211626 -0.834501 -0.508746
vn -0.063652 -0.808794 -0.584638
vn -0.063652 -0.808794 -0.584638
vn -0.063652 -0.808794 -0.584638
vn 0.402467 -0.842274 -0.358602
vn 0.402467 -0.842274 -0.358602
vn 0.402467 -0.842274 -0.358602
vn -0.185766 -0.707115 -0.682260
vn -0.185766 -0.707115 -0.682260
vn -0.185766 -0.707115 -0.682260
vn -0.143237 -0.635829 -0.758423
vn -0.143237 -0.635829 -0.758423
vn -0.143237 -0.635829 -0.758423
vn -0.086669 -0.996203 0.008241
vn -0.086669 -0.996203 0.008241
vn -0.086669 -0.996203 0.008241
vn -0.523459 -0.669286 -0.527301
vn -0.523459 -0.669286 -0.527301
vn -0.523459 -0.669286 -0.527301
vn -0.143247 -0.740116 -0.657045
vn -0.143247 -0.740116 -0.657045
vn -0.143247 -0.740116 -0.657045
vn -0.110705 -0.759072 -0.641524
vn -0.110705 -0.759072 -0.641524
vn -0.110705 -0.759072 -0.641524
vn -0.971714 -0.223933 -0.075002
vn -0.971714 -0.223933 -0.075002
vn -0.971714 -0.223933 -0.075002
vn -0.974783 -0.221877 -0.023866
vn -0.974783 -0.221877 -0.023866
vn -0.974783 -0.221877 -0.023866
vn -0.979505 -0.201417 -0.001004
vn -0.979505 -0.201417 -0.001004
vn -0.979505 -0.201417 -0.001004
vn -0.955500 -0.293500 -0.029637
vn -0.955500 -0.293500 -0.029637
vn -0.955500 -0.293500 -0.029637
vn -0.812108 -0.429914 -0.394531
vn -0.812108 -0.429914 -0.394531
vn -0.812108 -0.429914 -0.394531
vn -0.972439 -0.226859 -0.053828
vn -0.972439 -0.226859 -0.053828
vn -0.972439 -0.226859 -0.053828
vn -0.998403 -0.055662 -0.009630
vn -0.998403 -0.055662 -0.009630
vn -0.998403 -0.055662 -0.009630
vn -0.779215 -0.618780 0.099676
vn -0.779215 -0.618780 0.099676
vn -0.779215 -0.618780 0.099676
vn -0.939142 -0.302850 0.162154
vn -0.939142 -0.302850 0.162154
vn -0.939142 -0.302850 0.162154
vn -0.957237 -0.251199 0.143516
vn -0.957237 -0.251199 0.143516
vn -0.957237 -0.251199 0.143516
vn -0.988093 -0.153511 0.010298
vn -0.988093 -0.153511 0.010298
vn -0.988093 -0.153511 0.010298
vn 0.956373 0.272471 -0.105408
vn 0.956373 0.272471 -0.105408
vn 0.956373 0.272471 -0.105408
vn 0.837905 -0.340449 0.426626
vn 0.837905 -0.340449 0.426626
vn 0.837905 -0.340449 0.426626
vn 0.286310 -0.604572 -0.743317
vn 0.286310 -0.604572 -0.743317
vn 0.286310 -0.604572 -0.743317
vn 0.539292 -0.247765 -0.804845
vn 0.539292 -0.247765 -0.804845
vn 0.539292 -0.247765 -0.804845
vn 0.496802 -0.208553 -0.842433
vn 0.496802 -0.208553 -0.842433
vn 0.496802 -0.208553 -0.842433
vn 0.506639 -0.290131 -0.811875
vn 0.506639 -0.290131 -0.811875
vn 0.506639 -0.290131 -0.811875
vn 0.722112 -0.443491 -0.530914
vn 0.722112 -0.443491 -0.530914
vn 0.722112 -0.443491 -0.530914
vn 0.523660 -0.268095 -0.808644
vn 0.523660 -0.268095 -0.808644
vn 0.523660 -0.268095 -0.808644
vn 0.309759 -0.408908 -0.858396
vn 0.309759 -0.408908 -0.858396
vn 0.309759 -0.408908 -0.858396
vn 0.481544 -0.200819 -0.853105
vn 0.481544 -0.200819 -0.853105
vn 0.481544 -0.200819 -0.853105
vn 0.511349 -0.098933 -0.853660
vn 0.511349 -0.098933 -0.853660
vn 0.511349 -0.098933 -0.853660
vn 0.528906 -0.247373 -0.811828
vn 0.528906 -0.247373 -0.811828
vn 0.528906 -0.247373 -0.811828
vn 0.379158 -0.264384 -0.886758
vn 0.379158 -0.264384 -0.886758
vn 0.379158 -0.264384 -0.886758
vn 0.374773 0.027408 -0.926711
vn 0.374773 0.027408 -0.926711
vn 0.374773 0.027408 -0.926711
vn 0.892260 0.038026 0.449919
vn 0.892260 0.038026 0.449919
vn 0.892260 0.038026 0.449919
vn -0.884668 -0.050579 0.463470
vn -0.884668 -0.050579 0.463470
vn -0.884668 -0.050579 0.463470
vn 0.917638 0.262658 -0.298247
vn 0.917638 0.262658 -0.298247
vn 0.917638 0.262658 -0.298247
vn -0.058137 -0.117474 -0.991373
vn -0.058137 -0.117474 -0.991373
vn -0.058137 -0.117474 -0.991373
vn -0.001489 0.068120 -0.997676
vn -0.001489 0.068120 -0.997676
vn -0.001489 0.068120 -0.997676
vn 0.012502 0.021813 -0.999684
vn 0.012502 0.021813 -0.999684
vn 0.012502 0.021813 -0.999684
vn 0.114130 0.183258 -0.976417
vn 0.114130 0.183258 -0.976417
vn 0.114130 0.183258 -0.976417
vn 0.161986 0.195321 -0.967269
vn 0.161986 0.195321 -0.967269
vn 0.161986 0.195321 -0.967269
vn 0.303614 -0.268331 -0.914230
vn 0.303614 -0.268331 -0.914230
vn 0.303614 -0.268331 -0.914230
vn 0.274584 0.013729 -0.961465
vn 0.274584 0.013729 -0.961465
vn 0.274584 0.013729 -0.961465
vn 0.274667 0.049524 -0.960263
vn 0.274667 0.049524 -0.960263
vn 0.274667 0.049524 -0.960263
vn 0.070332 0.116824 -0.990659
vn 0.070332 0.116824 -0.990659
vn 0.070332 0.116824 -0.990659
vn 0.071899 0.060391 -0.995582
vn 0.071899 0.060391 -0.995582
vn 0.071899 0.060391 -0.995582
vn -0.783491 -0.284652 -0.552372
vn -0.783491 -0.284652 -0.552372
vn -0.783491 -0.284652 -0.552372
vn -0.801910 -0.092377 -0.590260
vn -0.801910 -0.092377 -0.590260
vn -0.801910 -0.092377 -0.590260
vn -0.791771 -0.128391 -0.597173
vn -0.791771 -0.128391 -0.597173
vn -0.791771 -0.128391 -0.597173
vn -0.741528 0.026916 -0.670381
vn -0.741528 0.026916 -0.670381
vn -0.741528 0.026916 -0.670381
vn -0.697373 0.069900 -0.713292
vn -0.697373 0.069900 -0.713292
vn -0.697373 0.069900 -0.713292
vn -0.491187 -0.328595 -0.806697
vn -0.491187 -0.328595 -0.806697
vn -0.491187 -0.328595 -0.806697
vn -0.592596 -0.086396 -0.800853
vn -0.592596 -0.086396 -0.800853
vn -0.592596 -0.086396 -0.800853
vn -0.599491 -0.042787 -0.799237
vn -0.599491 -0.042787 -0.799237
vn -0.599491 -0.042787 -0.799237
vn -0.765223 -0.027199 -0.643191
vn -0.765223 -0.027199 -0.643191
vn -0.765223 -0.027199 -0.643191
vn -0.757871 -0.070131 -0.648624
vn -0.757871 -0.070131 -0.648624
vn -0.757871 -0.070131 -0.648624
vn -0.689078 0.256475 -0.677785
vn -0.689078 0.256475 -0.677785
vn -0.689078 0.256475 -0.677785
vn -0.693685 -0.471801 -0.544248
vn -0.693685 -0.471801 -0.544248
vn -0.693685 -0.471801 -0.544248
vn -0.712270 -0.458140 -0.531771
vn -0.712270 -0.458140 -0.531771
vn -0.712270 -0.458140 -0.531771
vn -0.655512 -0.532787 -0.535203
vn -0.655512 -0.532787 -0.535203
vn -0.655512 -0.532787 -0.535203
vn -0.301718 -0.598328 -0.742273
vn -0.301718 -0.598328 -0.742273
vn -0.301718 -0.598328 -0.742273
vn -0.670326 -0.481811 -0.564377
vn -0.670326 -0.481811 -0.564377
vn -0.670326 -0.481811 -0.564377
vn -0.762548 -0.329391 -0.556797
vn -0.762548 -0.329391 -0.556797
vn -0.762548 -0.329391 -0.556797
vn -0.708045 -0.412721 -0.573003
vn -0.708045 -0.412721 -0.573003
vn -0.708045 -0.412721 -0.573003
vn -0.488271 -0.822932 -0.290471
vn -0.488271 -0.822932 -0.290471
vn -0.488271 -0.822932 -0.290471
vn -0.661833 -0.467319 -0.586165
vn -0.661833 -0.467319 -0.586165
vn -0.661833 -0.467319 -0.586165
vn -0.740375 -0.570835 -0.354954
vn -0.740375 -0.570835 -0.354954
vn -0.740375 -0.570835 -0.354954
vn -0.759631 -0.523876 -0.385375
vn -0.759631 -0.523876 -0.385375
vn -0.759631 -0.523876 -0.385375
vn -0.200436 0.686203 -0.699251
vn -0.200436 0.686203 -0.699251
vn -0.200436 0.686203 -0.699251
vn -0.371292 0.526864 -0.764563
vn -0.371292 0.526864 -0.764563
vn -0.371292 0.526864 -0.764563
vn 0.389811 -0.138579 0.910408
vn 0.389811 -0.138579 0.910408
vn 0.389811 -0.138579 0.910408
vn -0.976215 0.056643 -0.209272
vn -0.976215 0.056643 -0.209272
vn -0.976215 0.056643 -0.209272
vn 0.915793 0.137043 0.377548
vn 0.915793 0.137043 0.377548
vn 0.915793 0.137043 0.377548
vn 0.871103 -0.201595 0.447815
vn 0.871103 -0.201595 0.447815
vn 0.871103 -0.201595 0.447815
vn -0.435478 -0.108231 0.893669
vn -0.435478 -0.108231 0.893669
vn -0.435478 -0.108231 0.893669
vn -0.454973 0.092020 0.885738
vn -0.454973 0.092020 0.885738
vn -0.454973 0.092020 0.885738
vn -0.476344 0.044606 0.878127
vn -0.476344 0.044606 0.878127
vn -0.476344 0.044606 0.878127
vn -0.530561 0.229655 0.815944
vn -0.530561 0.229655 0.815944
vn -0.530561 0.229655 0.815944
vn -0.569372 0.251477 0.782672
vn -0.569372 0.251477 0.782672
vn -0.569372 0.251477 0.782672
vn -0.733197 -0.191014 0.652637
vn -0.733197 -0.191014 0.652637
vn -0.733197 -0.191014 0.652637
vn -0.695729 0.076788 0.714188
vn -0.695729 0.076788 0.714188
vn -0.695729 0.076788 0.714188
vn -0.689491 0.123444 0.713697
vn -0.689491 0.123444 0.713697
vn -0.689491 0.123444 0.713697
vn -0.507859 0.156289 0.847144
vn -0.507859 0.156289 0.847144
vn -0.507859 0.156289 0.847144
vn -0.521698 0.095518 0.847766
vn -0.521698 0.095518 0.847766
vn -0.521698 0.095518 0.847766
vn -0.865398 -0.492455 -0.092598
vn -0.865398 -0.492455 -0.092598
vn -0.865398 -0.492455 -0.092598
vn 0.624802 0.112774 0.772596
vn 0.624802 0.112774 0.772596
vn 0.624802 0.112774 0.772596
vn -0.749520 0.110944 0.652619
vn -0.749520 0.110944 0.652619
vn -0.749520 0.110944 0.652619
vn -0.112716 -0.009369 -0.993583
vn -0.112716 -0.009369 -0.993583
vn -0.112716 -0.009369 -0.993583
vn 0.020073 0.232652 0.972353
vn 0.020073 0.232652 0.972353
vn 0.020073 0.232652 0.972353
vn 0.950618 0.185394 0.248908
vn 0.950618 0.185394 0.248908
vn 0.950618 0.185394 0.248908
vn -0.837756 -0.546038 0.002661
vn -0.837756 -0.546038 0.002661
vn -0.837756 -0.546038 0.002661
vn 0.726298 -0.092602 0.681114
vn 0.726298 -0.092602 0.681114
vn 0.726298 -0.092602 0.681114
vn 0.699892 0.257544 0.666200
vn 0.699892 0.257544 0.666200
vn 0.699892 0.257544 0.666200
vn 0.745640 -0.091371 0.660055
vn 0.745640 -0.091371 0.660055
vn 0.745640 -0.091371 0.660055
vn 0.771643 -0.056910 0.633505
vn 0.771643 -0.056910 0.633505
vn 0.771643 -0.056910 0.633505
vn 0.752004 -0.134641 0.645261
vn 0.752004 -0.134641 0.645261
vn 0.752004 -0.134641 0.645261
vn 0.476723 -0.284164 0.831857
vn 0.476723 -0.284164 0.831857
vn 0.476723 -0.284164 0.831857
vn 0.742408 -0.082323 0.664871
vn 0.742408 -0.082323 0.664871
vn 0.742408 -0.082323 0.664871
vn 0.764306 0.075840 0.640378
vn 0.764306 0.075840 0.640378
vn 0.764306 0.075840 0.640378
vn 0.759876 -0.447879 0.471162
vn 0.759876 -0.447879 0.471162
vn 0.759876 -0.447879 0.471162
vn 0.842203 -0.231715 0.486829
vn 0.842203 -0.231715 0.486829
vn 0.842203 -0.231715 0.486829
vn 0.835326 -0.083469 0.543381
vn 0.835326 -0.083469 0.543381
vn 0.835326 -0.083469 0.543381
vn 0.781427 -0.013764 0.623845
vn 0.781427 -0.013764 0.623845
vn 0.781427 -0.013764 0.623845
vn -0.257543 -0.487840 0.834076
vn -0.257543 -0.487840 0.834076
vn -0.257543 -0.487840 0.834076
vn 0.883163 0.118882 -0.453751
vn 0.883163 0.118882 -0.453751
vn 0.883163 0.118882 -0.453751
vn 0.494091 0.113811 0.861929
vn 0.494091 0.113811 0.861929
vn 0.494091 0.113811 0.861929
vn -0.996236 -0.007699 -0.086343
vn -0.996236 -0.007699 -0.086343
vn -0.996236 -0.007699 -0.086343
vn 0.956432 0.232209 0.176964
vn 0.956432 0.232209 0.176964
vn 0.956432 0.232209 0.176964
vn 0.424341 0.187955 -0.885781
vn 0.424341 0.187955 -0.885781
vn 0.424341 0.187955 -0.885781
vn -0.158782 -0.541741 0.825412
vn -0.158782 -0.541741 0.825412
vn -0.158782 -0.541741 0.825412
vn 0.939833 -0.209477 -0.269878
vn 0.939833 -0.209477 -0.269878
vn 0.939833 -0.209477 -0.269878
vn 0.831592 0.527513 -0.173739
vn 0.831592 0.527513 -0.173739
vn 0.831592 0.527513 -0.173739
vn -0.567331 0.305817 0.764599
vn -0.567331 0.305817 0.764599
vn -0.567331 0.305817 0.764599
vn 0.259947 0.884296 0.387876
vn 0.259947 0.884296 0.387876
vn 0.259947 0.884296 0.387876
vn -0.953859 0.279672 -0.109251
vn -0.953859 0.279672 -0.109251
vn -0.953859 0.279672 -0.109251
vn 0.987181 0.142618 -0.071650
vn 0.987181 0.142618 -0.071650
vn 0.987181 0.142618 -0.071650
vn 0.718846 -0.684953 0.118744
vn 0.718846 -0.684953 0.118744
vn 0.718846 -0.684953 0.118744
vn 0.565027 0.760214 0.320655
vn 0.565027 0.760214 0.320655
vn 0.565027 0.760214 0.320655
vn 0.701488 -0.589425 0.400616
vn 0.701488 -0.589425 0.400616
vn 0.701488 -0.589425 0.400616
vn -0.447078 0.871473 -0.201633
vn -0.447078 0.871473 -0.201633
vn -0.447078 0.871473 -0.201633
vn 0.592910 0.805208 0.009912
vn 0.592910 0.805208 0.009912
vn 0.592910 0.805208 0.009912
vn 0.677847 0.731983 0.068728
vn 0.677847 0.731983 0.068728
vn 0.677847 0.731983 0.068728
vn 0.267105 0.659087 -0.703035
vn 0.267105 0.659087 -0.703035
vn 0.267105 0.659087 -0.703035
vn -0.977350 0.193251 0.086266
vn -0.977350 0.193251 0.086266
vn -0.977350 0.193251 0.086266
vn -0.754055 -0.641976 0.138810
vn -0.754055 -0.641976 0.138810
vn -0.754055 -0.641976 0.138810
vn -0.522135 -0.652476 0.549227
vn -0.522135 -0.652476 0.549227
vn -0.522135 -0.652476 0.549227
vn -0.465733 0.178252 -0.866787
vn -0.465733 0.178252 -0.866787
vn -0.465733 0.178252 -0.866787
vn -0.284900 0.559690 0.778190
vn -0.284900 0.559690 0.778190
vn -0.284900 0.559690 0.778190
vn 0.035411 -0.693638 -0.719453
vn 0.035411 -0.693638 -0.719453
vn 0.035411 -0.693638 -0.719453
vn 0.089200 -0.542150 -0.835534
vn 0.089200 -0.542150 -0.835534
vn 0.089200 -0.542150 -0.835534
vn 0.616829 0.413911 -0.669477
vn 0.616829 0.413911 -0.669477
vn 0.616829 0.413911 -0.669477
vn 0.463311 -0.867126 -0.182855
vn 0.463311 -0.867126 -0.182855
vn 0.463311 -0.867126 -0.182855
vn 0.573245 0.056826 0.817411
vn 0.573245 0.056826 0.817411
vn 0.573245 0.056826 0.817411
vn -0.074225 0.429235 -0.900138
vn -0.074225 0.429235 -0.900138
vn -0.074225 0.429235 -0.900138
vn -0.600488 -0.531284 -0.597622
vn -0.600488 -0.531284 -0.597622
vn -0.600488 -0.531284 -0.597622
vn 0.041600 0.171165 -0.984364
vn 0.041600 0.171165 -0.984364
vn 0.041600 0.171165 -0.984364
vn 0.392114 -0.793989 -0.464572
vn 0.392114 -0.793989 -0.464572
vn 0.392114 -0.793989 -0.464572
vn -0.541892 0.827375 0.147661
vn -0.541892 0.827375 0.147661
vn -0.541892 0.827375 0.147661
vn -0.705376 0.611063 0.359231
vn -0.705376 0.611063 0.359231
vn -0.705376 0.611063 0.359231
vn -0.586795 0.031921 0.809106
vn -0.586795 0.031921 0.809106
vn -0.586795 0.031921 0.809106
vn 0.014313 0.572159 0.820018
vn 0.014313 0.572159 0.820018
vn 0.014313 0.572159 0.820018
vn 0.937319 0.320915 0.135817
vn 0.937319 0.320915 0.135817
vn 0.937319 0.320915 0.135817
vn -0.746698 -0.538056 0.391073
vn -0.746698 -0.538056 0.391073
vn -0.746698 -0.538056 0.391073
vn -0.280766 0.469203 0.837269
vn -0.280766 0.469203 0.837269
vn -0.280766 0.469203 0.837269
vn -0.599447 0.357756 -0.716013
vn -0.599447 0.357756 -0.716013
vn -0.599447 0.357756 -0.716013
vn 0.858125 0.441621 -0.261901
vn 0.858125 0.441621 -0.261901
vn 0.858125 0.441621 -0.261901
vn -0.830769 0.251173 0.496724
vn -0.830769 0.251173 0.496724
vn -0.830769 0.251173 0.496724
vn 0.727897 0.608222 -0.316594
vn 0.727897 0.608222 -0.316594
vn 0.727897 0.608222 -0.316594
vn 0.140451 -0.746246 -0.650684
vn 0.140451 -0.746246 -0.650684
vn 0.140451 -0.746246 -0.650684
vn -0.594757 -0.538254 -0.597116
vn -0.594757 -0.538254 -0.597116
vn -0.594757 -0.538254 -0.597116
vn 0.662184 0.569525 0.486984
vn 0.662184 0.569525 0.486984
vn 0.662184 0.569525 0.486984
vn 0.556576 -0.598717 0.575987
vn 0.556576 -0.598717 0.575987
vn 0.556576 -0.598717 0.575987
vn 0.286690 0.347172 0.892906
vn 0.286690 0.347172 0.892906
vn 0.286690 0.347172 0.892906
vn -0.789826 0.415353 0.451283
vn -0.789826 0.415353 0.451283
vn -0.789826 0.415353 0.451283
vn -0.993210 0.084839 -0.079597
vn -0.993210 0.084839 -0.079597
vn -0.993210 0.084839 -0.079597
vn -0.983899 0.100422 0.147847
vn -0.983899 0.100422 0.147847
vn -0.983899 0.100422 0.147847
vn -0.988618 0.057701 0.138940
vn -0.988618 0.057701 0.138940
vn -0.988618 0.057701 0.138940
vn -0.923309 0.378247 0.066556
vn -0.923309 0.378247 0.066556
vn -0.923309 0.378247 0.066556
vn 0.971209 -0.219323 -0.093011
vn 0.971209 -0.219323 -0.093011
vn 0.971209 -0.219323 -0.093011
vn 0.987669 0.131649 -0.084724
vn 0.987669 0.131649 -0.084724
vn 0.987669 0.131649 -0.084724
vn 0.968395 -0.217852 -0.121454
vn 0.968395 -0.217852 -0.121454
vn 0.968395 -0.217852 -0.121454
vn 0.970128 -0.183503 -0.158679
vn 0.970128 -0.183503 -0.158679
vn 0.970128 -0.183503 -0.158679
vn 0.956023 -0.259951 -0.135817
vn 0.956023 -0.259951 -0.135817
vn 0.956023 -0.259951 -0.135817
vn 0.895016 -0.401283 0.194727
vn 0.895016 -0.401283 0.194727
vn 0.895016 -0.401283 0.194727
vn 0.971016 -0.209041 -0.115885
vn 0.971016 -0.209041 -0.115885
vn 0.971016 -0.209041 -0.115885
vn 0.987440 -0.051840 -0.149250
vn 0.987440 -0.051840 -0.149250
vn 0.987440 -0.051840 -0.149250
vn 0.791561 -0.555108 -0.255513
vn 0.791561 -0.555108 -0.255513
vn 0.791561 -0.555108 -0.255513
vn 0.884936 -0.349452 -0.307850
vn 0.884936 -0.349452 -0.307850
vn 0.884936 -0.349452 -0.307850
vn 0.941481 -0.207084 -0.265949
vn 0.941481 -0.207084 -0.265949
vn 0.941481 -0.207084 -0.265949
vn 0.974893 -0.140679 -0.172609
vn 0.974893 -0.140679 -0.172609
vn 0.974893 -0.140679 -0.172609
s off
g guanmucong:EA_M_Env_Bush_BerryDome_01a_LOD0
usemtl guanmucong:EA_M_Env_Bush_BerryDome_01a_LOD0SG1
f 25/1/1 22/2/2 26/3/3
f 49/4/4 1/5/5 17/6/6
f 24/7/7 26/3/8 22/2/9
f 2/8/10 60/9/11 59/10/12
f 53/11/13 35/12/14 52/13/15
f 10/14/16 9/15/17 61/16/18
f 21/17/19 18/18/20 19/19/21
f 16/20/22 15/21/23 19/19/24
f 15/21/25 13/22/26 14/23/27
f 49/4/28 50/24/29 42/25/30
f 53/11/31 52/13/32 7/26/33
f 47/27/34 34/28/35 36/29/36
f 36/29/37 51/30/38 47/27/39
f 52/13/40 30/31/41 7/26/42
f 42/25/43 41/32/44 44/33/45
f 56/34/46 58/35/47 53/11/48
f 42/25/49 50/24/50 51/30/51
f 50/24/52 49/4/53 48/36/54
f 48/36/55 46/37/56 50/24/57
f 57/38/58 59/10/59 60/9/60
f 16/20/61 48/36/62 17/6/63
f 33/39/64 8/40/65 31/41/66
f 35/12/67 9/15/68 37/42/69
f 39/43/70 41/32/71 42/25/72
f 45/44/73 13/22/74 12/45/75
f 40/46/76 38/47/77 39/43/78
f 8/40/79 47/27/80 25/1/81
f 29/48/82 27/49/83 30/31/84
f 21/17/85 20/50/86 4/51/87
f 40/46/88 36/29/89 34/28/90
f 39/43/91 9/15/92 10/14/93
f 17/6/94 1/5/95 12/45/96
f 27/49/97 29/48/98 26/3/99
f 30/31/100 32/52/101 29/48/102
f 6/53/103 56/34/104 7/26/105
f 21/17/106 19/19/107 20/50/108
f 10/14/109 61/16/110 43/54/111
f 2/8/112 59/10/113 3/55/114
f 8/40/115 26/3/116 28/56/117
f 22/2/118 18/18/119 21/17/120
f 51/30/121 40/46/122 42/25/123
f 61/16/124 56/34/125 60/9/126
f 44/33/127 49/4/128 42/25/129
f 51/30/130 46/37/131 47/27/132
f 32/52/133 34/28/134 31/41/135
f 43/54/136 61/16/137 60/9/138
f 17/6/139 48/36/140 49/4/141
f 35/12/142 32/52/143 52/13/144
f 18/18/145 46/37/146 16/20/147
f 54/57/148 6/53/149 4/51/150
f 12/45/151 15/21/152 17/6/153
f 25/1/154 46/37/155 23/58/156
f 55/59/157 3/55/158 54/57/159
f 57/38/160 3/55/161 59/10/162
f 27/49/163 6/53/164 7/26/165
f 34/28/166 33/39/167 31/41/168
f 32/52/169 35/12/170 37/42/171
f 45/44/172 11/60/173 13/22/174
f 42/25/175 40/46/176 39/43/177
f 19/19/178 18/18/179 16/20/180
f 4/51/181 24/7/182 22/2/183
f 22/2/184 21/17/185 4/51/186
f 34/28/187 37/42/188 38/47/189
f 40/46/190 34/28/191 38/47/192
f 29/48/193 28/56/194 26/3/195
f 45/44/196 12/45/197 44/33/198
f 11/60/199 3/55/200 14/23/201
f 31/41/202 29/48/203 32/52/204
f 31/41/205 28/56/206 29/48/207
f 47/27/208 33/39/209 34/28/210
f 38/47/211 37/42/212 39/43/213
f 2/8/214 45/44/215 43/54/216
f 9/15/217 58/35/218 61/16/219
f 14/23/220 3/55/221 55/59/222
f 55/59/223 4/51/224 20/50/225
f 10/14/226 41/32/227 39/43/228
f 8/40/229 25/1/230 26/3/231
f 51/30/232 36/29/233 40/46/234
f 58/35/235 56/34/236 61/16/237
f 56/34/238 57/38/239 60/9/240
f 44/33/241 1/5/242 49/4/243
f 51/30/244 50/24/245 46/37/246
f 56/34/247 53/11/248 7/26/249
f 6/53/250 5/61/251 57/38/252
f 60/9/253 2/8/254 43/54/255
f 19/19/256 14/23/257 55/59/258
f 58/35/259 9/15/260 35/12/261
f 23/58/262 46/37/263 18/18/264
f 46/37/265 48/36/266 16/20/267
f 3/55/268 5/61/269 54/57/270
f 12/45/271 13/22/272 15/21/273
f 25/1/274 47/27/275 46/37/276
f 13/22/277 11/60/278 14/23/279
f 74/62/280 72/63/281 83/64/282
f 69/65/283 85/66/284 86/67/285
f 63/68/286 84/69/287 62/70/288
f 99/71/289 96/72/290 108/73/291
f 93/74/292 110/75/293 111/76/294
f 88/77/295 109/78/296 87/79/297
f 125/80/298 135/81/299 134/82/300
f 119/83/301 137/84/302 138/85/303
f 113/86/304 136/87/305 112/88/306
f 152/89/307 162/90/308 161/91/309
f 146/92/310 164/93/311 165/94/312
f 141/95/313 163/96/314 140/97/315
f 124/98/316 113/86/317 112/88/318
f 288/99/319 277/100/320 276/101/321
f 178/102/322 177/103/323 188/104/324
f 175/105/325 185/106/326 170/107/327
f 180/108/328 189/109/329 168/110/330
f 179/111/331 186/112/332 172/113/333
f 174/114/334 190/115/335 191/116/336
f 168/110/337 189/109/338 167/117/339
f 181/118/340 187/119/341 173/120/342
f 204/121/343 202/122/344 213/123/345
f 200/124/346 210/125/347 195/126/348
f 206/127/349 214/128/350 193/129/351
f 205/130/352 211/131/353 197/132/354
f 199/133/355 215/134/356 216/135/357
f 193/129/358 214/128/359 203/136/360
f 207/137/361 212/138/362 198/139/363
f 231/140/364 227/141/365 241/142/366
f 225/143/367 237/144/368 220/145/369
f 224/146/370 238/147/371 243/148/372
f 218/149/373 242/150/374 228/151/375
f 233/152/376 240/153/377 223/154/378
f 257/155/379 245/156/380 244/157/381
f 271/158/382 269/159/383 268/160/384
f 249/161/385 266/162/386 256/163/387
f 251/164/388 265/165/389 274/166/390
f 245/156/391 270/167/392 255/168/393
f 151/169/394 141/95/395 140/97/396
f 302/170/397 299/171/398 298/172/399
f 283/173/400 301/174/401 303/175/402
f 277/100/403 300/176/404 276/101/405
f 317/177/406 314/178/407 326/179/408
f 311/180/409 328/181/410 329/182/411
f 306/183/412 327/184/413 305/185/414
f 342/186/415 339/187/416 351/188/417
f 336/189/418 353/190/419 354/191/420
f 331/192/421 352/193/422 330/194/423
f 371/195/424 357/196/425 368/197/426
f 367/198/427 366/199/428 371/195/429
f 361/200/430 367/198/431 371/195/432
f 373/201/433 361/200/434 371/195/435
f 365/202/436 359/203/437 373/201/438
f 387/204/439 385/205/440 397/206/441
f 383/207/442 394/208/443 378/209/444
f 388/210/445 395/211/446 380/212/447
f 382/213/448 399/214/449 400/215/450
f 376/216/451 398/217/452 375/218/453
f 390/219/454 396/220/455 381/221/456
f 412/222/457 410/223/458 422/224/459
f 408/225/460 419/226/461 403/227/462
f 413/228/463 420/229/464 405/230/465
f 407/231/466 424/232/467 425/233/468
f 401/234/469 423/235/470 411/236/471
f 415/237/472 421/238/473 406/239/474
f 438/240/475 435/241/476 447/242/477
f 432/243/478 449/244/479 450/245/480
f 427/246/481 448/247/482 426/248/483
f 463/249/484 460/250/485 472/251/486
f 457/252/487 474/253/488 475/254/489
f 452/255/490 473/256/491 451/257/492
f 452/255/493 454/258/494 456/259/495
f 341/260/496 340/261/497 336/189/498
f 118/262/499 121/263/500 113/86/501
f 167/117/502 179/111/503 172/113/504
f 217/264/505 222/265/506 230/266/507
f 172/113/508 171/267/509 174/114/510
f 83/64/511 75/268/512 71/269/513
f 85/66/514 66/270/515 73/271/516
f 81/272/517 62/70/518 78/273/519
f 82/274/520 64/275/521 68/276/522
f 69/65/523 66/270/524 85/66/525
f 85/66/526 67/277/527 81/272/528
f 86/67/529 70/278/530 69/65/531
f 79/279/532 72/63/533 64/275/534
f 78/273/535 62/70/536 84/69/537
f 80/280/538 77/281/539 65/282/540
f 288/99/541 280/283/542 283/173/543
f 448/247/544 446/284/545 444/285/546
f 386/286/547 379/287/548 382/213/549
f 360/288/550 365/202/551 372/289/552
f 197/132/553 196/290/554 199/133/555
f 108/73/556 100/291/557 95/292/558
f 106/293/559 87/79/560 103/294/561
f 107/295/562 89/296/563 92/297/564
f 93/74/565 97/298/566 110/75/567
f 106/293/568 97/298/569 91/299/570
f 111/76/571 94/300/572 93/74/573
f 104/301/574 96/72/575 89/296/576
f 103/294/577 87/79/578 109/78/579
f 105/302/580 102/303/581 90/304/582
f 267/305/583 272/306/584 268/160/585
f 134/82/586 126/307/587 121/263/588
f 137/84/589 116/308/590 123/309/591
f 132/310/592 112/88/593 129/311/594
f 133/312/595 114/313/596 118/262/597
f 119/83/598 116/308/599 137/84/600
f 137/84/601 117/314/602 132/310/603
f 125/80/604 122/315/605 135/81/606
f 138/85/607 120/316/608 119/83/609
f 130/317/610 122/315/611 114/313/612
f 129/311/613 112/88/614 136/87/615
f 131/318/616 128/319/617 115/320/618
f 133/312/619 127/321/620 139/322/621
f 437/323/622 436/324/623 432/243/624
f 352/193/625 350/325/626 348/326/627
f 161/91/628 153/327/629 148/328/630
f 159/329/631 140/97/632 156/330/633
f 160/331/634 142/332/635 145/333/636
f 146/92/637 150/334/638 164/93/639
f 164/93/640 144/335/641 159/329/642
f 152/89/643 149/336/644 162/90/645
f 165/94/646 147/337/647 146/92/648
f 157/338/649 149/336/650 142/332/651
f 156/330/652 140/97/653 163/96/654
f 158/339/655 155/340/656 143/341/657
f 160/331/658 154/342/659 166/343/660
f 405/230/661 404/344/662 407/231/663
f 257/155/664 248/345/665 251/164/666
f 185/106/667 190/115/668 186/112/669
f 163/96/670 160/331/671 158/339/672
f 451/257/673 455/346/674 462/347/675
f 136/87/676 133/312/677 131/318/678
f 210/125/679 215/134/680 211/131/681
f 331/192/682 333/348/683 335/349/684
f 190/115/685 171/267/686 172/113/687
f 180/108/688 176/350/689 188/104/690
f 179/111/691 183/351/692 186/112/693
f 187/119/694 169/352/695 173/120/696
f 174/114/697 171/267/698 190/115/699
f 172/113/700 186/112/701 190/115/702
f 184/353/703 177/103/704 169/352/705
f 175/105/706 174/114/707 191/116/708
f 183/351/709 167/117/710 189/109/711
f 185/106/712 182/354/713 170/107/714
f 63/68/715 65/282/716 68/276/717
f 215/134/718 196/290/719 197/132/720
f 151/169/721 143/341/722 145/333/723
f 206/127/724 201/355/725 213/123/726
f 205/130/727 192/356/728 211/131/729
f 212/138/730 194/357/731 198/139/732
f 199/133/733 196/290/734 215/134/735
f 197/132/736 211/131/737 215/134/738
f 209/358/739 202/122/740 194/357/741
f 200/124/742 199/133/743 216/135/744
f 192/356/745 203/136/746 214/128/747
f 210/125/748 208/359/749 195/126/750
f 305/185/751 309/360/752 316/361/753
f 364/362/754 360/288/755 372/289/756
f 73/271/757 66/270/758 69/65/759
f 330/194/760 334/363/761 341/260/762
f 241/142/763 232/364/764 226/365/765
f 239/366/766 217/264/767 235/367/768
f 240/153/769 219/368/770 223/154/771
f 224/146/772 221/369/773 238/147/774
f 229/370/775 222/265/776 239/366/777
f 236/371/778 227/141/779 219/368/780
f 225/143/781 224/146/782 243/148/783
f 235/367/784 228/151/785 242/150/786
f 237/144/787 234/372/788 220/145/789
f 306/183/790 308/373/791 310/374/792
f 124/98/793 116/308/794 119/83/795
f 473/256/796 471/375/797 469/376/798
f 192/356/799 205/130/800 197/132/801
f 268/160/802 259/377/803 253/378/804
f 265/165/805 256/163/806 266/162/807
f 272/306/808 244/157/809 262/379/810
f 270/167/811 259/377/812 273/380/813
f 267/305/814 246/381/815 250/382/816
f 268/160/817 258/383/818 271/158/819
f 251/164/820 248/345/821 265/165/822
f 271/158/823 254/384/824 269/159/825
f 249/161/826 272/306/827 266/162/828
f 274/166/829 252/385/830 251/164/831
f 263/386/832 254/384/833 246/381/834
f 262/379/835 255/168/836 270/167/837
f 264/387/838 261/388/839 247/389/840
f 275/390/841 260/391/842 261/388/843
f 267/305/844 260/391/845 275/390/846
f 298/172/847 290/392/848 285/393/849
f 301/174/850 280/283/851 287/394/852
f 296/395/853 276/101/854 293/396/855
f 297/397/856 278/398/857 282/399/858
f 298/172/859 289/400/860 302/170/861
f 283/173/862 280/283/863 301/174/864
f 301/174/865 281/401/866 296/395/867
f 302/170/868 286/402/869 299/171/870
f 303/175/871 284/403/872 283/173/873
f 294/404/874 286/402/875 278/398/876
f 293/396/877 276/101/878 300/176/879
f 295/405/880 292/406/881 279/407/882
f 297/397/883 291/408/884 304/409/885
f 376/216/886 378/209/887 381/221/888
f 88/77/889 90/304/890 92/297/891
f 98/410/892 97/298/893 93/74/894
f 356/411/895 374/412/896 363/413/897
f 285/393/898 277/100/899 282/399/900
f 326/179/901 318/414/902 313/415/903
f 324/416/904 305/185/905 321/417/906
f 325/418/907 307/419/908 310/374/909
f 311/180/910 315/420/911 328/181/912
f 328/181/913 309/360/914 324/416/915
f 329/182/916 312/421/917 311/180/918
f 322/422/919 314/178/920 307/419/921
f 321/417/922 305/185/923 327/184/924
f 323/423/925 320/424/926 308/373/927
f 375/218/928 388/210/929 386/286/930
f 109/78/931 107/295/932 105/302/933
f 351/188/934 343/425/935 338/426/936
f 349/427/937 330/194/938 346/428/939
f 350/325/940 332/429/941 335/349/942
f 336/189/943 340/261/944 353/190/945
f 353/190/946 334/363/947 349/427/948
f 354/191/949 337/430/950 336/189/951
f 347/431/952 339/187/953 332/429/954
f 346/428/955 330/194/956 352/193/957
f 348/326/958 345/432/959 333/348/960
f 355/433/961 344/434/962 345/432/963
f 426/248/964 430/435/965 437/323/966
f 398/217/967 396/220/968 394/208/969
f 257/155/970 247/389/971 250/382/972
f 168/110/973 170/107/974 173/120/975
f 427/246/976 429/436/977 431/437/978
f 300/176/979 297/397/980 295/405/981
f 84/69/982 82/274/983 80/280/984
f 62/70/985 67/277/986 73/271/987
f 151/169/988 150/334/989 146/92/990
f 779/438/991 365/202/992 360/288/993
f 778/439/994 774/440/995 372/289/996
f 780/441/997 373/201/998 359/203/999
f 777/442/1000 369/443/1001 374/412/1002
f 397/206/1003 389/444/1004 384/445/1005
f 423/235/1006 421/238/1007 419/226/1008
f 399/214/1009 379/287/1010 380/212/1011
f 395/211/1012 375/218/1013 392/446/1014
f 396/220/1015 377/447/1016 381/221/1017
f 382/213/1018 379/287/1019 399/214/1020
f 380/212/1021 395/211/1022 399/214/1023
f 393/448/1024 385/205/1025 377/447/1026
f 383/207/1027 382/213/1028 400/215/1029
f 392/446/1030 375/218/1031 398/217/1032
f 394/208/1033 391/449/1034 378/209/1035
f 193/129/1036 195/126/1037 198/139/1038
f 218/149/1039 220/145/1040 223/154/1041
f 230/266/1042 221/369/1043 224/146/1044
f 326/179/1045 322/422/1046 325/418/1047
f 87/79/1048 91/299/1049 98/410/1050
f 422/224/1051 414/450/1052 409/451/1053
f 424/232/1054 404/344/1055 405/230/1056
f 420/229/1057 413/228/1058 417/452/1059
f 421/238/1060 402/453/1061 406/239/1062
f 407/231/1063 404/344/1064 424/232/1065
f 405/230/1066 420/229/1067 424/232/1068
f 418/454/1069 410/223/1070 402/453/1071
f 408/225/1072 407/231/1073 425/233/1074
f 417/452/1075 411/236/1076 423/235/1077
f 419/226/1078 416/455/1079 403/227/1080
f 401/234/1081 403/227/1082 406/239/1083
f 316/361/1084 315/420/1085 311/180/1086
f 447/242/1087 439/456/1088 434/457/1089
f 445/458/1090 426/248/1091 442/459/1092
f 446/284/1093 428/460/1094 431/437/1095
f 432/243/1096 436/324/1097 449/244/1098
f 449/244/1099 430/435/1100 445/458/1101
f 450/245/1102 433/461/1103 432/243/1104
f 443/462/1105 435/241/1106 428/460/1107
f 442/459/1108 426/248/1109 448/247/1110
f 444/285/1111 441/463/1112 429/436/1113
f 362/464/1114 776/465/1115 370/466/1116
f 242/150/1117 240/153/1118 237/144/1119
f 462/347/1120 461/467/1121 457/252/1122
f 472/251/1123 464/468/1124 459/469/1125
f 470/470/1126 451/257/1127 467/471/1128
f 471/375/1129 453/472/1130 456/259/1131
f 457/252/1132 461/467/1133 474/253/1134
f 474/253/1135 455/346/1136 470/470/1137
f 475/254/1138 458/473/1139 457/252/1140
f 468/474/1141 460/250/1142 453/472/1143
f 467/471/1144 451/257/1145 473/256/1146
f 469/376/1147 466/475/1148 454/258/1149
f 476/476/1150 477/477/1151 481/478/1152
f 476/476/1153 481/478/1154 478/479/1155
f 478/479/1156 481/478/1157 482/480/1158
f 483/481/1159 478/479/1160 482/480/1161
f 478/479/1162 483/481/1163 480/482/1164
f 483/481/1165 482/480/1166 484/483/1167
f 483/481/1168 485/484/1169 480/482/1170
f 483/481/1171 484/483/1172 485/484/1173
f 487/485/1174 480/482/1175 485/484/1176
f 487/485/1177 485/484/1178 486/486/1179
f 641/487/1180 638/488/1181 640/489/1182
f 513/490/1183 517/491/1184 516/492/1185
f 487/485/1186 486/486/1187 488/493/1188
f 487/485/1189 488/493/1190 489/494/1191
f 490/495/1192 489/494/1193 488/493/1194
f 489/494/1195 490/495/1196 491/496/1197
f 479/497/1198 489/494/1199 491/496/1200
f 491/496/1201 492/498/1202 493/499/1203
f 476/476/1204 480/482/1205 479/497/1206
f 476/476/1207 493/499/1208 477/477/1209
f 479/497/1210 493/499/1211 476/476/1212
f 480/482/1213 489/494/1214 479/497/1215
f 494/500/1216 495/501/1217 498/502/1218
f 494/500/1219 496/503/1220 497/504/1221
f 494/500/1222 498/502/1223 496/503/1224
f 496/503/1225 498/502/1226 499/505/1227
f 500/506/1228 496/503/1229 499/505/1230
f 496/503/1231 500/506/1232 501/507/1233
f 500/506/1234 511/508/1235 501/507/1236
f 502/509/1237 501/507/1238 511/508/1239
f 637/510/1240 645/511/1241 639/512/1242
f 502/509/1243 505/513/1244 503/514/1245
f 526/515/1246 524/516/1247 523/517/1248
f 502/509/1249 504/518/1250 505/513/1251
f 506/519/1252 503/514/1253 505/513/1254
f 503/514/1255 506/519/1256 507/520/1257
f 506/519/1258 508/521/1259 507/520/1260
f 507/520/1261 508/521/1262 509/522/1263
f 724/523/1264 720/524/1265 721/525/1266
f 494/500/1267 509/522/1268 495/501/1269
f 497/504/1270 509/522/1271 494/500/1272
f 502/509/1273 511/508/1274 510/526/1275
f 500/506/1276 512/527/1277 511/508/1278
f 549/528/1279 553/529/1280 552/530/1281
f 513/490/1282 518/531/1283 514/532/1284
f 513/490/1285 515/533/1286 518/531/1287
f 514/532/1288 518/531/1289 519/534/1290
f 514/532/1291 520/535/1292 517/491/1293
f 520/535/1294 514/532/1295 519/534/1296
f 520/535/1297 519/534/1298 521/536/1299
f 520/535/1300 521/536/1301 522/537/1302
f 520/535/1303 522/537/1304 517/491/1305
f 523/517/1306 517/491/1307 522/537/1308
f 517/491/1309 523/517/1310 524/516/1311
f 524/516/1312 525/538/1313 516/492/1314
f 636/539/1315 632/540/1316 631/541/1317
f 517/491/1318 524/516/1319 516/492/1320
f 523/517/1321 522/537/1322 526/515/1323
f 527/542/1324 525/538/1325 526/515/1326
f 706/543/1327 702/544/1328 703/545/1329
f 525/538/1330 527/542/1331 528/546/1332
f 528/546/1333 529/547/1334 530/548/1335
f 751/549/1336 750/550/1337 752/551/1338
f 513/490/1339 530/548/1340 515/533/1341
f 516/492/1342 530/548/1343 513/490/1344
f 516/492/1345 525/538/1346 528/546/1347
f 531/552/1348 532/553/1349 534/554/1350
f 531/552/1351 534/554/1352 533/555/1353
f 531/552/1354 533/555/1355 536/556/1356
f 535/557/1357 531/552/1358 536/556/1359
f 539/558/1360 538/559/1361 536/556/1362
f 536/556/1363 537/560/1364 540/561/1365
f 537/560/1366 536/556/1367 538/559/1368
f 533/555/1369 539/558/1370 536/556/1371
f 536/556/1372 540/561/1373 535/557/1374
f 666/562/1375 670/563/1376 669/564/1377
f 540/561/1378 541/565/1379 535/557/1380
f 543/566/1381 541/565/1382 542/567/1383
f 541/565/1384 543/566/1385 544/568/1386
f 544/568/1387 545/569/1388 546/570/1389
f 769/571/1390 768/572/1391 770/573/1392
f 531/552/1393 546/570/1394 532/553/1395
f 535/557/1396 546/570/1397 531/552/1398
f 535/557/1399 541/565/1400 544/568/1401
f 537/560/1402 538/559/1403 542/567/1404
f 539/558/1405 548/574/1406 547/575/1407
f 539/558/1408 533/555/1409 548/574/1410
f 533/555/1411 534/554/1412 548/574/1413
f 539/558/1414 547/575/1415 538/559/1416
f 549/528/1417 550/576/1418 554/577/1419
f 549/528/1420 554/577/1421 551/578/1422
f 551/578/1423 554/577/1424 555/579/1425
f 556/580/1426 551/578/1427 555/579/1428
f 551/578/1429 556/580/1430 553/529/1431
f 556/580/1432 558/581/1433 553/529/1434
f 556/580/1435 557/582/1436 558/581/1437
f 559/583/1438 553/529/1439 558/581/1440
f 553/529/1441 559/583/1442 560/584/1443
f 559/583/1444 562/585/1445 560/584/1446
f 560/584/1447 561/586/1448 552/530/1449
f 561/586/1450 560/584/1451 562/585/1452
f 553/529/1453 560/584/1454 552/530/1455
f 563/587/1456 561/586/1457 562/585/1458
f 561/586/1459 563/587/1460 564/588/1461
f 712/589/1462 714/590/1463 713/591/1464
f 564/588/1465 565/592/1466 566/593/1467
f 549/528/1468 566/593/1469 550/576/1470
f 552/530/1471 566/593/1472 549/528/1473
f 552/530/1474 561/586/1475 564/588/1476
f 559/583/1477 558/581/1478 562/585/1479
f 568/594/1480 569/595/1481 567/596/1482
f 567/596/1483 569/595/1484 571/597/1485
f 567/596/1486 571/597/1487 570/598/1488
f 574/599/1489 588/600/1490 572/601/1491
f 572/601/1492 573/602/1493 575/603/1494
f 573/602/1495 572/601/1496 588/600/1497
f 570/598/1498 574/599/1499 572/601/1500
f 572/601/1501 575/603/1502 576/604/1503
f 576/604/1504 568/594/1505 572/601/1506
f 577/605/1507 579/606/1508 576/604/1509
f 576/604/1510 580/607/1511 577/605/1512
f 576/604/1513 578/608/1514 568/594/1515
f 578/608/1516 576/604/1517 579/606/1518
f 575/603/1519 580/607/1520 576/604/1521
f 580/607/1522 581/609/1523 577/605/1524
f 581/609/1525 580/607/1526 582/610/1527
f 573/602/1528 583/611/1529 582/610/1530
f 573/602/1531 588/600/1532 583/611/1533
f 540/561/1534 542/567/1535 541/565/1536
f 577/605/1537 584/612/1538 579/606/1539
f 568/594/1540 585/613/1541 569/595/1542
f 578/608/1543 585/613/1544 568/594/1545
f 574/599/1546 587/614/1547 586/615/1548
f 574/599/1549 570/598/1550 587/614/1551
f 570/598/1552 571/597/1553 587/614/1554
f 574/599/1555 586/615/1556 588/600/1557
f 590/616/1558 591/617/1559 589/618/1560
f 567/596/1561 572/601/1562 568/594/1563
f 589/618/1564 591/617/1565 593/619/1566
f 589/618/1567 593/619/1568 592/620/1569
f 596/621/1570 610/622/1571 594/623/1572
f 594/623/1573 595/624/1574 597/625/1575
f 595/624/1576 594/623/1577 610/622/1578
f 592/620/1579 596/621/1580 594/623/1581
f 594/623/1582 597/625/1583 598/626/1584
f 598/626/1585 590/616/1586 594/623/1587
f 599/627/1588 601/628/1589 598/626/1590
f 598/626/1591 602/629/1592 599/627/1593
f 598/626/1594 600/630/1595 590/616/1596
f 600/630/1597 598/626/1598 601/628/1599
f 597/625/1600 602/629/1601 598/626/1602
f 582/610/1603 575/603/1604 573/602/1605
f 602/629/1606 603/631/1607 599/627/1608
f 603/631/1609 602/629/1610 604/632/1611
f 595/624/1612 605/633/1613 604/632/1614
f 595/624/1615 610/622/1616 605/633/1617
f 577/605/1618 581/609/1619 584/612/1620
f 599/627/1621 606/634/1622 601/628/1623
f 590/616/1624 607/635/1625 591/617/1626
f 600/630/1627 607/635/1628 590/616/1629
f 596/621/1630 609/636/1631 608/637/1632
f 596/621/1633 592/620/1634 609/636/1635
f 592/620/1636 593/619/1637 609/636/1638
f 596/621/1639 608/637/1640 610/622/1641
f 613/638/1642 612/639/1643 611/640/1644
f 613/638/1645 611/640/1646 616/641/1647
f 681/642/1648 680/643/1649 682/644/1650
f 620/645/1651 619/646/1652 617/647/1653
f 617/647/1654 618/648/1655 621/649/1656
f 618/648/1657 617/647/1658 619/646/1659
f 614/650/1660 620/645/1661 617/647/1662
f 617/647/1663 621/649/1664 616/641/1665
f 564/588/1666 563/587/1667 565/592/1668
f 621/649/1669 622/651/1670 616/641/1671
f 624/652/1672 622/651/1673 623/653/1674
f 622/651/1675 624/652/1676 625/654/1677
f 625/654/1678 626/655/1679 616/641/1680
f 613/638/1681 616/641/1682 626/655/1683
f 613/638/1684 626/655/1685 612/639/1686
f 616/641/1687 622/651/1688 625/654/1689
f 618/648/1690 619/646/1691 623/653/1692
f 620/645/1693 628/656/1694 627/657/1695
f 620/645/1696 614/650/1697 628/656/1698
f 614/650/1699 615/658/1700 628/656/1701
f 620/645/1702 627/657/1703 619/646/1704
f 629/659/1705 630/660/1706 633/661/1707
f 629/659/1708 633/661/1709 631/541/1710
f 629/659/1711 631/541/1712 632/540/1713
f 631/541/1714 633/661/1715 634/662/1716
f 635/663/1717 631/541/1718 634/662/1719
f 631/541/1720 635/663/1721 636/539/1722
f 635/663/1723 646/664/1724 636/539/1725
f 589/618/1726 594/623/1727 590/616/1728
f 637/510/1729 636/539/1730 646/664/1731
f 747/665/1732 749/666/1733 748/667/1734
f 637/510/1735 640/489/1736 638/488/1737
f 637/510/1738 639/512/1739 640/489/1740
f 544/568/1741 543/566/1742 545/569/1743
f 642/668/1744 641/487/1745 643/669/1746
f 642/668/1747 643/669/1748 644/670/1749
f 642/668/1750 644/670/1751 632/540/1752
f 629/659/1753 644/670/1754 630/660/1755
f 632/540/1756 644/670/1757 629/659/1758
f 502/509/1759 510/526/1760 504/518/1761
f 637/510/1762 646/664/1763 645/511/1764
f 635/663/1765 647/671/1766 646/664/1767
f 635/663/1768 634/662/1769 647/671/1770
f 648/672/1771 649/673/1772 651/674/1773
f 648/672/1774 651/674/1775 650/675/1776
f 648/672/1777 650/675/1778 653/676/1779
f 652/677/1780 648/672/1781 653/676/1782
f 656/678/1783 655/679/1784 653/676/1785
f 653/676/1786 654/680/1787 657/681/1788
f 654/680/1789 653/676/1790 655/679/1791
f 650/675/1792 656/678/1793 653/676/1794
f 653/676/1795 657/681/1796 652/677/1797
f 599/627/1798 603/631/1799 606/634/1800
f 657/681/1801 658/682/1802 652/677/1803
f 660/683/1804 658/682/1805 659/684/1806
f 658/682/1807 660/683/1808 661/685/1809
f 604/632/1810 597/625/1811 595/624/1812
f 661/685/1813 662/686/1814 663/687/1815
f 615/658/1816 611/640/1817 612/639/1818
f 648/672/1819 663/687/1820 649/673/1821
f 652/677/1822 663/687/1823 648/672/1824
f 652/677/1825 658/682/1826 661/685/1827
f 654/680/1828 655/679/1829 659/684/1830
f 656/678/1831 665/688/1832 664/689/1833
f 656/678/1834 650/675/1835 665/688/1836
f 650/675/1837 651/674/1838 665/688/1839
f 656/678/1840 664/689/1841 655/679/1842
f 666/562/1843 667/690/1844 671/691/1845
f 666/562/1846 671/691/1847 668/692/1848
f 501/507/1849 497/504/1850 496/503/1851
f 668/692/1852 671/691/1853 672/693/1854
f 673/694/1855 668/692/1856 672/693/1857
f 668/692/1858 673/694/1859 670/563/1860
f 673/694/1861 672/693/1862 674/695/1863
f 673/694/1864 675/696/1865 670/563/1866
f 673/694/1867 674/695/1868 675/696/1869
f 676/697/1870 670/563/1871 675/696/1872
f 670/563/1873 676/697/1874 677/698/1875
f 676/697/1876 679/699/1877 677/698/1878
f 677/698/1879 678/700/1880 669/564/1881
f 678/700/1882 677/698/1883 679/699/1884
f 670/563/1885 677/698/1886 669/564/1887
f 680/643/1888 678/700/1889 679/699/1890
f 678/700/1891 680/643/1892 681/642/1893
f 681/642/1894 682/644/1895 683/701/1896
f 688/702/1897 684/703/1898 685/704/1899
f 666/562/1900 683/701/1901 667/690/1902
f 669/564/1903 683/701/1904 666/562/1905
f 669/564/1906 678/700/1907 681/642/1908
f 676/697/1909 675/696/1910 679/699/1911
f 686/705/1912 685/704/1913 684/703/1914
f 507/520/1915 509/522/1916 497/504/1917
f 686/705/1918 684/703/1919 689/706/1920
f 692/707/1921 701/708/1922 690/709/1923
f 690/709/1924 691/710/1925 693/711/1926
f 691/710/1927 690/709/1928 701/708/1929
f 687/712/1930 692/707/1931 690/709/1932
f 690/709/1933 693/711/1934 689/706/1935
f 765/713/1936 767/714/1937 766/715/1938
f 691/710/1939 698/716/1940 694/717/1941
f 695/718/1942 693/711/1943 694/717/1944
f 693/711/1945 695/718/1946 689/706/1947
f 695/718/1948 696/719/1949 689/706/1950
f 689/706/1951 696/719/1952 697/720/1953
f 686/705/1954 689/706/1955 697/720/1956
f 691/710/1957 701/708/1958 698/716/1959
f 692/707/1960 700/721/1961 699/722/1962
f 692/707/1963 687/712/1964 700/721/1965
f 687/712/1966 688/702/1967 700/721/1968
f 692/707/1969 699/722/1970 701/708/1971
f 704/723/1972 703/545/1973 702/544/1974
f 720/524/1975 726/724/1976 725/725/1977
f 704/723/1978 702/544/1979 707/726/1980
f 611/640/1981 617/647/1982 616/641/1983
f 711/727/1984 710/728/1985 708/729/1986
f 708/729/1987 709/730/1988 712/589/1989
f 709/730/1990 708/729/1991 710/728/1992
f 705/731/1993 711/727/1994 708/729/1995
f 708/729/1996 712/589/1997 707/726/1998
f 712/589/1999 713/591/2000 707/726/2001
f 715/732/2002 713/591/2003 714/590/2004
f 713/591/2005 715/732/2006 716/733/2007
f 716/733/2008 717/734/2009 707/726/2010
f 704/723/2011 707/726/2012 717/734/2013
f 704/723/2014 717/734/2015 703/545/2016
f 707/726/2017 713/591/2018 716/733/2019
f 709/730/2020 710/728/2021 714/590/2022
f 711/727/2023 719/735/2024 718/736/2025
f 711/727/2026 705/731/2027 719/735/2028
f 705/731/2029 706/543/2030 719/735/2031
f 711/727/2032 718/736/2033 710/728/2034
f 722/737/2035 721/525/2036 720/524/2037
f 684/703/2038 690/709/2039 689/706/2040
f 722/737/2041 720/524/2042 725/725/2043
f 728/738/2044 737/739/2045 726/724/2046
f 726/724/2047 727/740/2048 729/741/2049
f 727/740/2050 726/724/2051 737/739/2052
f 723/742/2053 728/738/2054 726/724/2055
f 726/724/2056 729/741/2057 725/725/2058
f 621/649/2059 623/653/2060 622/651/2061
f 727/740/2062 734/743/2063 730/744/2064
f 731/745/2065 729/741/2066 730/744/2067
f 729/741/2068 731/745/2069 732/746/2070
f 732/746/2071 733/747/2072 725/725/2073
f 722/737/2074 725/725/2075 733/747/2076
f 722/737/2077 733/747/2078 721/525/2079
f 725/725/2080 729/741/2081 732/746/2082
f 727/740/2083 737/739/2084 734/743/2085
f 728/738/2086 736/748/2087 735/749/2088
f 728/738/2089 723/742/2090 736/748/2091
f 723/742/2092 724/523/2093 736/748/2094
f 728/738/2095 735/749/2096 737/739/2097
f 738/750/2098 739/751/2099 741/752/2100
f 738/750/2101 741/752/2102 740/753/2103
f 738/750/2104 740/753/2105 743/754/2106
f 742/755/2107 738/750/2108 743/754/2109
f 746/756/2110 745/757/2111 743/754/2112
f 743/754/2113 744/758/2114 747/665/2115
f 744/758/2116 743/754/2117 745/757/2118
f 740/753/2119 746/756/2120 743/754/2121
f 743/754/2122 747/665/2123 742/755/2124
f 747/665/2125 748/667/2126 742/755/2127
f 750/550/2128 748/667/2129 749/666/2130
f 748/667/2131 750/550/2132 751/549/2133
f 751/549/2134 752/551/2135 753/759/2136
f 528/546/2137 530/548/2138 516/492/2139
f 738/750/2140 753/759/2141 739/751/2142
f 742/755/2143 753/759/2144 738/750/2145
f 742/755/2146 748/667/2147 751/549/2148
f 744/758/2149 745/757/2150 749/666/2151
f 746/756/2152 755/760/2153 754/761/2154
f 746/756/2155 740/753/2156 755/760/2157
f 740/753/2158 741/752/2159 755/760/2160
f 746/756/2161 754/761/2162 745/757/2163
f 756/762/2164 757/763/2165 759/764/2166
f 756/762/2167 759/764/2168 758/765/2169
f 756/762/2170 758/765/2171 761/766/2172
f 760/767/2173 756/762/2174 761/766/2175
f 764/768/2176 763/769/2177 761/766/2178
f 761/766/2179 762/770/2180 765/713/2181
f 762/770/2182 761/766/2183 763/769/2184
f 758/765/2185 764/768/2186 761/766/2187
f 761/766/2188 765/713/2189 760/767/2190
f 657/681/2191 659/684/2192 658/682/2193
f 765/713/2194 766/715/2195 760/767/2196
f 768/572/2197 766/715/2198 767/714/2199
f 766/715/2200 768/572/2201 769/571/2202
f 661/685/2203 660/683/2204 662/686/2205
f 769/571/2206 770/573/2207 771/771/2208
f 702/544/2209 708/729/2210 707/726/2211
f 756/762/2212 771/771/2213 757/763/2214
f 760/767/2215 771/771/2216 756/762/2217
f 760/767/2218 766/715/2219 769/571/2220
f 762/770/2221 763/769/2222 767/714/2223
f 764/768/2224 773/772/2225 772/773/2226
f 764/768/2227 758/765/2228 773/772/2229
f 758/765/2230 759/764/2231 773/772/2232
f 764/768/2233 772/773/2234 763/769/2235
f 25/1/2236 23/58/2237 22/2/2238
f 24/7/2239 27/49/2240 26/3/2241
f 53/11/2242 58/35/2243 35/12/2244
f 16/20/2245 17/6/2246 15/21/2247
f 39/43/2248 37/42/2249 9/15/2250
f 30/31/2251 52/13/2252 32/52/2253
f 6/53/2254 57/38/2255 56/34/2256
f 22/2/2257 23/58/2258 18/18/2259
f 32/52/2260 37/42/2261 34/28/2262
f 5/61/2263 6/53/2264 54/57/2265
f 6/53/2266 24/7/2267 4/51/2268
f 7/26/2269 30/31/2270 27/49/2271
f 27/49/2272 24/7/2273 6/53/2274
f 1/5/2275 44/33/2276 12/45/2277
f 44/33/2278 41/32/2279 45/44/2280
f 41/32/2281 43/54/2282 45/44/2283
f 11/60/2284 2/8/2285 3/55/2286
f 31/41/2287 8/40/2288 28/56/2289
f 47/27/2290 8/40/2291 33/39/2292
f 2/8/2293 11/60/2294 45/44/2295
f 55/59/2296 54/57/2297 4/51/2298
f 10/14/2299 43/54/2300 41/32/2301
f 55/59/2302 20/50/2303 19/19/2304
f 19/19/2305 15/21/2306 14/23/2307
f 3/55/2308 57/38/2309 5/61/2310
f 112/88/2311 117/314/2312 124/98/2313
f 117/314/2314 123/309/2315 124/98/2316
f 276/101/2317 281/401/2318 288/99/2319
f 281/401/2320 287/394/2321 288/99/2322
f 255/168/2323 244/157/2324 245/156/2325
f 244/157/2326 249/161/2327 257/155/2328
f 249/161/2329 256/163/2330 257/155/2331
f 140/97/2332 144/335/2333 151/169/2334
f 144/335/2335 150/334/2336 151/169/2337
f 460/250/2338 463/249/2339 453/472/2340
f 463/249/2341 459/469/2342 453/472/2343
f 459/469/2344 464/468/2345 452/255/2346
f 452/255/2347 462/347/2348 454/258/2349
f 462/347/2350 457/252/2351 454/258/2352
f 457/252/2353 458/473/2354 454/258/2355
f 454/258/2356 466/475/2357 456/259/2358
f 466/475/2359 465/774/2360 456/259/2361
f 456/259/2362 453/472/2363 459/469/2364
f 459/469/2365 452/255/2366 456/259/2367
f 118/262/2368 114/313/2369 121/263/2370
f 114/313/2371 122/315/2372 125/80/2373
f 121/263/2374 114/313/2375 125/80/2376
f 121/263/2377 126/307/2378 113/86/2379
f 113/86/2380 124/98/2381 118/262/2382
f 124/98/2383 119/83/2384 115/320/2385
f 119/83/2386 120/316/2387 115/320/2388
f 115/320/2389 128/319/2390 127/321/2391
f 115/320/2392 127/321/2393 118/262/2394
f 124/98/2395 115/320/2396 118/262/2397
f 172/113/2398 168/110/2399 167/117/2400
f 229/370/2401 230/266/2402 222/265/2403
f 230/266/2404 218/149/2405 228/151/2406
f 217/264/2407 230/266/2408 228/151/2409
f 80/280/2410 65/282/2411 70/278/2412
f 81/272/2413 67/277/2414 62/70/2415
f 84/69/2416 63/68/2417 75/268/2418
f 82/274/2419 79/279/2420 64/275/2421
f 83/64/2422 71/269/2423 74/62/2424
f 85/66/2425 73/271/2426 67/277/2427
f 82/274/2428 68/276/2429 76/775/2430
f 288/99/2431 287/394/2432 280/283/2433
f 450/245/2434 449/244/2435 444/285/2436
f 449/244/2437 445/458/2438 444/285/2439
f 445/458/2440 442/459/2441 444/285/2442
f 442/459/2443 448/247/2444 444/285/2445
f 448/247/2446 439/456/2447 447/242/2448
f 447/242/2449 435/241/2450 443/462/2451
f 448/247/2452 447/242/2453 446/284/2454
f 444/285/2455 433/461/2456 450/245/2457
f 440/776/2458 441/463/2459 446/284/2460
f 441/463/2461 444/285/2462 446/284/2463
f 447/242/2464 443/462/2465 446/284/2466
f 386/286/2467 380/212/2468 379/287/2469
f 374/412/2470 361/200/2471 363/413/2472
f 105/302/2473 90/304/2474 94/300/2475
f 106/293/2476 91/299/2477 87/79/2478
f 109/78/2479 88/77/2480 100/291/2481
f 107/295/2482 104/301/2483 89/296/2484
f 108/73/2485 95/292/2486 99/71/2487
f 106/293/2488 110/75/2489 97/298/2490
f 107/295/2491 92/297/2492 101/777/2493
f 274/166/2494 265/165/2495 264/387/2496
f 265/165/2497 266/162/2498 264/387/2499
f 266/162/2500 272/306/2501 264/387/2502
f 272/306/2503 262/379/2504 270/167/2505
f 264/387/2506 272/306/2507 267/305/2508
f 270/167/2509 273/380/2510 268/160/2511
f 268/160/2512 269/159/2513 263/386/2514
f 270/167/2515 268/160/2516 272/306/2517
f 264/387/2518 252/385/2519 274/166/2520
f 268/160/2521 263/386/2522 267/305/2523
f 267/305/2524 275/390/2525 264/387/2526
f 405/230/2527 401/234/2528 411/236/2529
f 413/228/2530 405/230/2531 411/236/2532
f 131/318/2533 115/320/2534 120/316/2535
f 132/310/2536 117/314/2537 112/88/2538
f 136/87/2539 113/86/2540 126/307/2541
f 133/312/2542 130/317/2543 114/313/2544
f 134/82/2545 121/263/2546 125/80/2547
f 137/84/2548 123/309/2549 117/314/2550
f 130/317/2551 135/81/2552 122/315/2553
f 128/319/2554 139/322/2555 127/321/2556
f 133/312/2557 118/262/2558 127/321/2559
f 354/191/2560 353/190/2561 348/326/2562
f 353/190/2563 349/427/2564 348/326/2565
f 349/427/2566 346/428/2567 352/193/2568
f 348/326/2569 349/427/2570 352/193/2571
f 352/193/2572 343/425/2573 351/188/2574
f 351/188/2575 339/187/2576 347/431/2577
f 352/193/2578 351/188/2579 350/325/2580
f 348/326/2581 337/430/2582 354/191/2583
f 344/434/2584 355/433/2585 350/325/2586
f 355/433/2587 348/326/2588 350/325/2589
f 351/188/2590 347/431/2591 350/325/2592
f 158/339/2593 143/341/2594 147/337/2595
f 159/329/2596 144/335/2597 140/97/2598
f 163/96/2599 141/95/2600 153/327/2601
f 160/331/2602 157/338/2603 142/332/2604
f 161/91/2605 148/328/2606 152/89/2607
f 164/93/2608 150/334/2609 144/335/2610
f 157/338/2611 162/90/2612 149/336/2613
f 155/340/2614 166/343/2615 154/342/2616
f 160/331/2617 145/333/2618 154/342/2619
f 257/155/2620 256/163/2621 248/345/2622
f 177/103/2623 184/353/2624 188/104/2625
f 184/353/2626 187/119/2627 188/104/2628
f 187/119/2629 181/118/2630 182/354/2631
f 185/106/2632 175/105/2633 191/116/2634
f 187/119/2635 182/354/2636 185/106/2637
f 189/109/2638 180/108/2639 188/104/2640
f 186/112/2641 183/351/2642 185/106/2643
f 183/351/2644 189/109/2645 185/106/2646
f 185/106/2647 191/116/2648 190/115/2649
f 188/104/2650 187/119/2651 185/106/2652
f 189/109/2653 188/104/2654 185/106/2655
f 165/94/2656 164/93/2657 158/339/2658
f 164/93/2659 159/329/2660 158/339/2661
f 159/329/2662 156/330/2663 163/96/2664
f 158/339/2665 159/329/2666 163/96/2667
f 163/96/2668 153/327/2669 161/91/2670
f 161/91/2671 162/90/2672 157/338/2673
f 163/96/2674 161/91/2675 160/331/2676
f 158/339/2677 147/337/2678 165/94/2679
f 166/343/2680 155/340/2681 158/339/2682
f 161/91/2683 157/338/2684 160/331/2685
f 160/331/2686 166/343/2687 158/339/2688
f 461/467/2689 462/347/2690 455/346/2691
f 462/347/2692 452/255/2693 451/257/2694
f 138/85/2695 137/84/2696 131/318/2697
f 137/84/2698 132/310/2699 131/318/2700
f 132/310/2701 129/311/2702 136/87/2703
f 131/318/2704 132/310/2705 136/87/2706
f 136/87/2707 126/307/2708 134/82/2709
f 134/82/2710 135/81/2711 130/317/2712
f 136/87/2713 134/82/2714 133/312/2715
f 131/318/2716 120/316/2717 138/85/2718
f 139/322/2719 128/319/2720 131/318/2721
f 134/82/2722 130/317/2723 133/312/2724
f 133/312/2725 139/322/2726 131/318/2727
f 202/122/2728 209/358/2729 213/123/2730
f 209/358/2731 212/138/2732 213/123/2733
f 212/138/2734 207/137/2735 208/359/2736
f 210/125/2737 200/124/2738 216/135/2739
f 212/138/2740 208/359/2741 210/125/2742
f 214/128/2743 206/127/2744 213/123/2745
f 211/131/2746 192/356/2747 210/125/2748
f 192/356/2749 214/128/2750 210/125/2751
f 210/125/2752 216/135/2753 215/134/2754
f 213/123/2755 212/138/2756 214/128/2757
f 212/138/2758 210/125/2759 214/128/2760
f 339/187/2761 342/186/2762 332/429/2763
f 342/186/2764 338/426/2765 332/429/2766
f 338/426/2767 343/425/2768 331/192/2769
f 331/192/2770 341/260/2771 333/348/2772
f 341/260/2773 336/189/2774 333/348/2775
f 336/189/2776 337/430/2777 333/348/2778
f 333/348/2779 345/432/2780 335/349/2781
f 345/432/2782 344/434/2783 335/349/2784
f 335/349/2785 332/429/2786 338/426/2787
f 338/426/2788 331/192/2789 335/349/2790
f 179/111/2791 167/117/2792 183/351/2793
f 187/119/2794 184/353/2795 169/352/2796
f 188/104/2797 176/350/2798 178/102/2799
f 72/63/2800 74/62/2801 64/275/2802
f 74/62/2803 71/269/2804 64/275/2805
f 71/269/2806 75/268/2807 63/68/2808
f 63/68/2809 73/271/2810 65/282/2811
f 73/271/2812 69/65/2813 65/282/2814
f 69/65/2815 70/278/2816 65/282/2817
f 65/282/2818 77/281/2819 68/276/2820
f 77/281/2821 76/775/2822 68/276/2823
f 68/276/2824 64/275/2825 71/269/2826
f 71/269/2827 63/68/2828 68/276/2829
f 153/327/2830 141/95/2831 148/328/2832
f 141/95/2833 151/169/2834 148/328/2835
f 151/169/2836 146/92/2837 143/341/2838
f 146/92/2839 147/337/2840 143/341/2841
f 143/341/2842 155/340/2843 154/342/2844
f 149/336/2845 152/89/2846 142/332/2847
f 152/89/2848 148/328/2849 142/332/2850
f 145/333/2851 142/332/2852 148/328/2853
f 143/341/2854 154/342/2855 145/333/2856
f 148/328/2857 151/169/2858 145/333/2859
f 212/138/2860 209/358/2861 194/357/2862
f 213/123/2863 201/355/2864 204/121/2865
f 315/420/2866 316/361/2867 309/360/2868
f 316/361/2869 306/183/2870 305/185/2871
f 361/200/2872 373/201/2873 363/413/2874
f 362/464/2875 361/200/2876 369/443/2877
f 780/441/2878 778/439/2879 775/778/2880
f 361/200/2881 370/466/2882 367/198/2883
f 373/201/2884 371/195/2885 368/197/2886
f 775/778/2887 357/196/2888 371/195/2889
f 356/411/2890 363/413/2891 780/441/2892
f 366/199/2893 367/198/2894 781/779/2895
f 774/440/2896 364/362/2897 372/289/2898
f 362/464/2899 369/443/2900 777/442/2901
f 340/261/2902 341/260/2903 334/363/2904
f 341/260/2905 331/192/2906 330/194/2907
f 229/370/2908 238/147/2909 221/369/2910
f 239/366/2911 222/265/2912 217/264/2913
f 242/150/2914 218/149/2915 232/364/2916
f 240/153/2917 236/371/2918 219/368/2919
f 241/142/2920 226/365/2921 231/140/2922
f 235/367/2923 217/264/2924 228/151/2925
f 314/178/2926 317/177/2927 307/419/2928
f 317/177/2929 313/415/2930 307/419/2931
f 313/415/2932 318/414/2933 306/183/2934
f 306/183/2935 316/361/2936 308/373/2937
f 316/361/2938 311/180/2939 308/373/2940
f 311/180/2941 312/421/2942 308/373/2943
f 308/373/2944 320/424/2945 310/374/2946
f 320/424/2947 319/780/2948 310/374/2949
f 310/374/2950 307/419/2951 313/415/2952
f 313/415/2953 306/183/2954 310/374/2955
f 124/98/2956 123/309/2957 116/308/2958
f 475/254/2959 474/253/2960 469/376/2961
f 474/253/2962 470/470/2963 469/376/2964
f 470/470/2965 467/471/2966 469/376/2967
f 467/471/2968 473/256/2969 469/376/2970
f 473/256/2971 464/468/2972 472/251/2973
f 472/251/2974 460/250/2975 468/474/2976
f 473/256/2977 472/251/2978 471/375/2979
f 469/376/2980 458/473/2981 475/254/2982
f 465/774/2983 466/475/2984 471/375/2985
f 466/475/2986 469/376/2987 471/375/2988
f 472/251/2989 468/474/2990 471/375/2991
f 197/132/2992 193/129/2993 203/136/2994
f 192/356/2995 197/132/2996 203/136/2997
f 264/387/2998 247/389/2999 252/385/3000
f 268/160/3001 273/380/3002 259/377/3003
f 265/165/3004 248/345/3005 256/163/3006
f 272/306/3007 249/161/3008 244/157/3009
f 270/167/3010 245/156/3011 259/377/3012
f 267/305/3013 263/386/3014 246/381/3015
f 268/160/3016 253/378/3017 258/383/3018
f 271/158/3019 258/383/3020 254/384/3021
f 263/386/3022 269/159/3023 254/384/3024
f 262/379/3025 244/157/3026 255/168/3027
f 264/387/3028 275/390/3029 261/388/3030
f 267/305/3031 250/382/3032 260/391/3033
f 295/405/3034 279/407/3035 284/403/3036
f 296/395/3037 281/401/3038 276/101/3039
f 300/176/3040 277/100/3041 290/392/3042
f 297/397/3043 294/404/3044 278/398/3045
f 298/172/3046 285/393/3047 289/400/3048
f 301/174/3049 287/394/3050 281/401/3051
f 302/170/3052 289/400/3053 286/402/3054
f 294/404/3055 299/171/3056 286/402/3057
f 292/406/3058 304/409/3059 291/408/3060
f 297/397/3061 282/399/3062 291/408/3063
f 385/205/3064 387/204/3065 377/447/3066
f 387/204/3067 384/445/3068 377/447/3069
f 384/445/3070 389/444/3071 376/216/3072
f 376/216/3073 386/286/3074 378/209/3075
f 386/286/3076 382/213/3077 378/209/3078
f 382/213/3079 383/207/3080 378/209/3081
f 378/209/3082 391/449/3083 381/221/3084
f 391/449/3085 390/219/3086 381/221/3087
f 381/221/3088 377/447/3089 384/445/3090
f 384/445/3091 376/216/3092 381/221/3093
f 96/72/3094 99/71/3095 89/296/3096
f 99/71/3097 95/292/3098 89/296/3099
f 95/292/3100 100/291/3101 88/77/3102
f 88/77/3103 98/410/3104 90/304/3105
f 98/410/3106 93/74/3107 90/304/3108
f 93/74/3109 94/300/3110 90/304/3111
f 90/304/3112 102/303/3113 92/297/3114
f 102/303/3115 101/777/3116 92/297/3117
f 92/297/3118 89/296/3119 95/292/3120
f 95/292/3121 88/77/3122 92/297/3123
f 367/198/3124 370/466/3125 776/465/3126
f 778/439/3127 372/289/3128 368/197/3129
f 777/442/3130 374/412/3131 356/411/3132
f 779/438/3133 359/203/3134 365/202/3135
f 374/412/3136 369/443/3137 361/200/3138
f 358/781/3139 778/439/3140 368/197/3141
f 373/201/3142 780/441/3143 363/413/3144
f 367/198/3145 776/465/3146 781/779/3147
f 366/199/3148 775/778/3149 371/195/3150
f 286/402/3151 289/400/3152 278/398/3153
f 289/400/3154 285/393/3155 278/398/3156
f 285/393/3157 290/392/3158 277/100/3159
f 277/100/3160 288/99/3161 282/399/3162
f 288/99/3163 283/173/3164 279/407/3165
f 283/173/3166 284/403/3167 279/407/3168
f 279/407/3169 292/406/3170 291/408/3171
f 282/399/3172 278/398/3173 285/393/3174
f 279/407/3175 291/408/3176 282/399/3177
f 288/99/3178 279/407/3179 282/399/3180
f 323/423/3181 308/373/3182 312/421/3183
f 324/416/3184 309/360/3185 305/185/3186
f 327/184/3187 306/183/3188 318/414/3189
f 325/418/3190 322/422/3191 307/419/3192
f 326/179/3193 313/415/3194 317/177/3195
f 328/181/3196 315/420/3197 309/360/3198
f 325/418/3199 310/374/3200 319/780/3201
f 380/212/3202 386/286/3203 388/210/3204
f 386/286/3205 376/216/3206 375/218/3207
f 348/326/3208 333/348/3209 337/430/3210
f 110/75/3211 106/293/3212 105/302/3213
f 106/293/3214 103/294/3215 105/302/3216
f 103/294/3217 109/78/3218 105/302/3219
f 109/78/3220 100/291/3221 108/73/3222
f 108/73/3223 96/72/3224 104/301/3225
f 109/78/3226 108/73/3227 107/295/3228
f 111/76/3229 110/75/3230 105/302/3231
f 105/302/3232 94/300/3233 111/76/3234
f 101/777/3235 102/303/3236 107/295/3237
f 102/303/3238 105/302/3239 107/295/3240
f 108/73/3241 104/301/3242 107/295/3243
f 349/427/3244 334/363/3245 330/194/3246
f 352/193/3247 331/192/3248 343/425/3249
f 350/325/3250 347/431/3251 332/429/3252
f 351/188/3253 338/426/3254 342/186/3255
f 353/190/3256 340/261/3257 334/363/3258
f 348/326/3259 355/433/3260 345/432/3261
f 350/325/3262 335/349/3263 344/434/3264
f 436/324/3265 437/323/3266 430/435/3267
f 437/323/3268 427/246/3269 426/248/3270
f 383/207/3271 400/215/3272 394/208/3273
f 400/215/3274 399/214/3275 394/208/3276
f 395/211/3277 392/446/3278 394/208/3279
f 392/446/3280 398/217/3281 394/208/3282
f 398/217/3283 389/444/3284 397/206/3285
f 397/206/3286 385/205/3287 393/448/3288
f 396/220/3289 390/219/3290 391/449/3291
f 397/206/3292 393/448/3293 396/220/3294
f 398/217/3295 397/206/3296 396/220/3297
f 399/214/3298 395/211/3299 394/208/3300
f 396/220/3301 391/449/3302 394/208/3303
f 259/377/3304 245/156/3305 253/378/3306
f 245/156/3307 257/155/3308 253/378/3309
f 257/155/3310 251/164/3311 247/389/3312
f 251/164/3313 252/385/3314 247/389/3315
f 247/389/3316 261/388/3317 260/391/3318
f 254/384/3319 258/383/3320 246/381/3321
f 258/383/3322 253/378/3323 246/381/3324
f 250/382/3325 246/381/3326 253/378/3327
f 247/389/3328 260/391/3329 250/382/3330
f 253/378/3331 257/155/3332 250/382/3333
f 177/103/3334 178/102/3335 169/352/3336
f 178/102/3337 176/350/3338 169/352/3339
f 176/350/3340 180/108/3341 168/110/3342
f 168/110/3343 172/113/3344 170/107/3345
f 172/113/3346 174/114/3347 170/107/3348
f 174/114/3349 175/105/3350 170/107/3351
f 170/107/3352 182/354/3353 173/120/3354
f 182/354/3355 181/118/3356 173/120/3357
f 173/120/3358 169/352/3359 176/350/3360
f 176/350/3361 168/110/3362 173/120/3363
f 435/241/3364 438/240/3365 428/460/3366
f 438/240/3367 434/457/3368 428/460/3369
f 434/457/3370 439/456/3371 427/246/3372
f 427/246/3373 437/323/3374 429/436/3375
f 437/323/3376 432/243/3377 429/436/3378
f 432/243/3379 433/461/3380 429/436/3381
f 429/436/3382 441/463/3383 431/437/3384
f 441/463/3385 440/776/3386 431/437/3387
f 431/437/3388 428/460/3389 434/457/3390
f 434/457/3391 427/246/3392 431/437/3393
f 303/175/3394 301/174/3395 295/405/3396
f 301/174/3397 296/395/3398 295/405/3399
f 296/395/3400 293/396/3401 300/176/3402
f 295/405/3403 296/395/3404 300/176/3405
f 300/176/3406 290/392/3407 298/172/3408
f 298/172/3409 299/171/3410 294/404/3411
f 300/176/3412 298/172/3413 297/397/3414
f 295/405/3415 284/403/3416 303/175/3417
f 304/409/3418 292/406/3419 295/405/3420
f 298/172/3421 294/404/3422 297/397/3423
f 297/397/3424 304/409/3425 295/405/3426
f 86/67/3427 85/66/3428 80/280/3429
f 85/66/3430 81/272/3431 80/280/3432
f 81/272/3433 78/273/3434 80/280/3435
f 78/273/3436 84/69/3437 80/280/3438
f 84/69/3439 75/268/3440 83/64/3441
f 83/64/3442 72/63/3443 79/279/3444
f 84/69/3445 83/64/3446 82/274/3447
f 80/280/3448 70/278/3449 86/67/3450
f 76/775/3451 77/281/3452 82/274/3453
f 77/281/3454 80/280/3455 82/274/3456
f 83/64/3457 79/279/3458 82/274/3459
f 73/271/3460 63/68/3461 62/70/3462
f 360/288/3463 364/362/3464 779/438/3465
f 408/225/3466 425/233/3467 419/226/3468
f 425/233/3469 424/232/3470 419/226/3471
f 420/229/3472 417/452/3473 419/226/3474
f 417/452/3475 423/235/3476 419/226/3477
f 423/235/3478 414/450/3479 422/224/3480
f 422/224/3481 410/223/3482 418/454/3483
f 421/238/3484 415/237/3485 416/455/3486
f 422/224/3487 418/454/3488 421/238/3489
f 423/235/3490 422/224/3491 421/238/3492
f 424/232/3493 420/229/3494 419/226/3495
f 421/238/3496 416/455/3497 419/226/3498
f 395/211/3499 388/210/3500 375/218/3501
f 398/217/3502 376/216/3503 389/444/3504
f 396/220/3505 393/448/3506 377/447/3507
f 397/206/3508 384/445/3509 387/204/3510
f 202/122/3511 204/121/3512 194/357/3513
f 204/121/3514 201/355/3515 194/357/3516
f 201/355/3517 206/127/3518 193/129/3519
f 193/129/3520 197/132/3521 195/126/3522
f 197/132/3523 199/133/3524 195/126/3525
f 199/133/3526 200/124/3527 195/126/3528
f 195/126/3529 208/359/3530 198/139/3531
f 208/359/3532 207/137/3533 198/139/3534
f 198/139/3535 194/357/3536 201/355/3537
f 201/355/3538 193/129/3539 198/139/3540
f 227/141/3541 231/140/3542 219/368/3543
f 231/140/3544 226/365/3545 219/368/3546
f 226/365/3547 232/364/3548 218/149/3549
f 218/149/3550 230/266/3551 220/145/3552
f 230/266/3553 224/146/3554 220/145/3555
f 224/146/3556 225/143/3557 220/145/3558
f 220/145/3559 234/372/3560 223/154/3561
f 234/372/3562 233/152/3563 223/154/3564
f 223/154/3565 219/368/3566 226/365/3567
f 226/365/3568 218/149/3569 223/154/3570
f 230/266/3571 229/370/3572 221/369/3573
f 328/181/3574 324/416/3575 323/423/3576
f 324/416/3577 321/417/3578 323/423/3579
f 321/417/3580 327/184/3581 323/423/3582
f 327/184/3583 318/414/3584 326/179/3585
f 326/179/3586 314/178/3587 322/422/3588
f 327/184/3589 326/179/3590 325/418/3591
f 323/423/3592 327/184/3593 325/418/3594
f 312/421/3595 329/182/3596 323/423/3597
f 329/182/3598 328/181/3599 323/423/3600
f 319/780/3601 320/424/3602 325/418/3603
f 320/424/3604 323/423/3605 325/418/3606
f 97/298/3607 98/410/3608 91/299/3609
f 98/410/3610 88/77/3611 87/79/3612
f 423/235/3613 401/234/3614 414/450/3615
f 421/238/3616 418/454/3617 402/453/3618
f 422/224/3619 409/451/3620 412/222/3621
f 417/452/3622 413/228/3623 411/236/3624
f 410/223/3625 412/222/3626 402/453/3627
f 412/222/3628 409/451/3629 402/453/3630
f 409/451/3631 414/450/3632 401/234/3633
f 401/234/3634 405/230/3635 403/227/3636
f 405/230/3637 407/231/3638 403/227/3639
f 407/231/3640 408/225/3641 403/227/3642
f 403/227/3643 416/455/3644 406/239/3645
f 416/455/3646 415/237/3647 406/239/3648
f 406/239/3649 402/453/3650 409/451/3651
f 409/451/3652 401/234/3653 406/239/3654
f 444/285/3655 429/436/3656 433/461/3657
f 445/458/3658 430/435/3659 426/248/3660
f 448/247/3661 427/246/3662 439/456/3663
f 446/284/3664 443/462/3665 428/460/3666
f 447/242/3667 434/457/3668 438/240/3669
f 449/244/3670 436/324/3671 430/435/3672
f 446/284/3673 431/437/3674 440/776/3675
f 243/148/3676 238/147/3677 237/144/3678
f 238/147/3679 229/370/3680 239/366/3681
f 237/144/3682 238/147/3683 239/366/3684
f 239/366/3685 235/367/3686 237/144/3687
f 235/367/3688 242/150/3689 237/144/3690
f 242/150/3691 232/364/3692 241/142/3693
f 241/142/3694 227/141/3695 236/371/3696
f 242/150/3697 241/142/3698 240/153/3699
f 237/144/3700 225/143/3701 243/148/3702
f 233/152/3703 234/372/3704 240/153/3705
f 234/372/3706 237/144/3707 240/153/3708
f 241/142/3709 236/371/3710 240/153/3711
f 469/376/3712 454/258/3713 458/473/3714
f 470/470/3715 455/346/3716 451/257/3717
f 473/256/3718 452/255/3719 464/468/3720
f 471/375/3721 468/474/3722 453/472/3723
f 472/251/3724 459/469/3725 463/249/3726
f 474/253/3727 461/467/3728 455/346/3729
f 471/375/3730 456/259/3731 465/774/3732
f 641/487/3733 642/668/3734 638/488/3735
f 513/490/3736 514/532/3737 517/491/3738
f 503/514/3739 507/520/3740 497/504/3741
f 476/476/3742 478/479/3743 480/482/3744
f 546/570/3745 535/557/3746 544/568/3747
f 556/580/3748 555/579/3749 557/582/3750
f 526/515/3751 525/538/3752 524/516/3753
f 724/523/3754 723/742/3755 720/524/3756
f 490/495/3757 492/498/3758 491/496/3759
f 549/528/3760 551/578/3761 553/529/3762
f 636/539/3763 638/488/3764 632/540/3765
f 706/543/3766 705/731/3767 702/544/3768
f 666/562/3769 668/692/3770 670/563/3771
f 502/509/3772 503/514/3773 501/507/3774
f 729/741/3775 727/740/3776 730/744/3777
f 712/589/3778 709/730/3779 714/590/3780
f 683/701/3781 669/564/3782 681/642/3783
f 487/485/3784 489/494/3785 480/482/3786
f 527/542/3787 529/547/3788 528/546/3789
f 540/561/3790 537/560/3791 542/567/3792
f 567/596/3793 570/598/3794 572/601/3795
f 582/610/3796 580/607/3797 575/603/3798
f 771/771/3799 760/767/3800 769/571/3801
f 589/618/3802 592/620/3803 594/623/3804
f 747/665/3805 744/758/3806 749/666/3807
f 500/506/3808 499/505/3809 512/527/3810
f 604/632/3811 602/629/3812 597/625/3813
f 615/658/3814 614/650/3815 611/640/3816
f 501/507/3817 503/514/3818 497/504/3819
f 753/759/3820 742/755/3821 751/549/3822
f 688/702/3823 687/712/3824 684/703/3825
f 493/499/3826 479/497/3827 491/496/3828
f 765/713/3829 762/770/3830 767/714/3831
f 720/524/3832 723/742/3833 726/724/3834
f 611/640/3835 614/650/3836 617/647/3837
f 638/488/3838 642/668/3839 632/540/3840
f 684/703/3841 687/712/3842 690/709/3843
f 663/687/3844 652/677/3845 661/685/3846
f 621/649/3847 618/648/3848 623/653/3849
f 693/711/3850 691/710/3851 694/717/3852
f 637/510/3853 638/488/3854 636/539/3855
f 657/681/3856 654/680/3857 659/684/3858
f 702/544/3859 705/731/3860 708/729/3861
f 566/593/3862 552/530/3863 564/588/3864
f 357/196/3865 358/781/3866 368/197/3867
f 368/197/3868 372/289/3869 365/202/3870
f 365/202/3871 373/201/3872 368/197/3873
f 361/200/3874 362/464/3875 370/466/3876
f 781/779/3877 776/465/3878 775/778/3879
f 776/465/3880 362/464/3881 777/442/3882
f 775/778/3883 776/465/3884 777/442/3885
f 777/442/3886 356/411/3887 775/778/3888
f 356/411/3889 780/441/3890 775/778/3891
f 780/441/3892 359/203/3893 779/438/3894
f 779/438/3895 364/362/3896 774/440/3897
f 780/441/3898 779/438/3899 778/439/3900
f 775/778/3901 366/199/3902 781/779/3903
f 358/781/3904 357/196/3905 778/439/3906
f 357/196/3907 775/778/3908 778/439/3909
f 779/438/3910 774/440/3911 778/439/3912
